"level";"id";"parent_id";"object_id";"object_type";"object_key";"query_status";"query_time";"query_type";"message";"created_time";"like_count";"comment_count";"shares";"reactions";"like";"love";"haha";"wow";"sad";"angry"
"0";"1";"None";"ExpressZeitung";"seed";"";"";"None";"None";"";"";"";"";"";"";"";"";"";"";"";""
"1";"2";"1";"1378045312483970_2944879145800571";"data";"data.*";"fetched (200)";"2021-03-18 13:44:38.587095";"Facebook:/<page-id>/posts";"Wir haben jetzt einen Podcast!  🎙Redaktionssitzung #1: Impfschäden, Medien und Scripted Reality (EZ Podcast)  https://open.lbry.com/@ExpressZeitung:8/Redaktionssitzung-1:7?r=7eno8jRLGsLYLbJX4sbJX4fUw82ooVCg  Wir werden zukünftig 1x pro Woche einen Podcast aufnehmen und über aktuelle oder drängende Themen unterhalten, Perspektiven austauschen usw. und auf LBRY hochladen.  Die erste Folge (sozusagen die Pilotfolge) gibt es auch auf Telegram: https://t.me/ExpressZeitung/7681  Zukünftige Podcasts auf: https://lbry.tv/$/invite/@ExpressZeitung:8  🎧 Audio: https://t.me/ExpressZeitung/7682  https://open.lbry.com/@ExpressZeitung:8/Redaktionssitzung-1:7?r=7eno8jRLGsLYLbJX4sbJX4fUw82ooVCg";"2021-03-06T10:44:20+0000";"";"";"";"23";"23";"0";"0";"0";"0";"0"
"1";"3";"1";"1378045312483970_2939142349707584";"data";"data.*";"fetched (200)";"2021-03-18 13:44:38.587095";"Facebook:/<page-id>/posts";"«Wir sind im Bereich der Mutmassung. Es werden Grundrechte eingeschränkt, ohne dass wir eigentlich genau verwertbare Zahlen haben. Als Wissenschaftler und als Bürger halte ich das für ein Unding, dass wir ohne eine feste Zahlenbasis zu solchen Einschränkungen schreiten. […] Diese Zahlen sind das Papier nicht wert, auf dem sie geschrieben sind. […] Diese Zahlen sind nichts wert.»  Aus unserer neuen Ausgabe Nr. 38: 🗞 AIDS als Blaupause für Corona - Der Mythos vom Todes-Virus https://shop.expresszeitung.com/shop/shop/alle-ausgaben/ausgabe_38.html?atid=313  📬 ExpressZeitung abonnieren https://shop.expresszeitung.com/shop/shop/abos.html?atid=313  Folgen Sie uns auf Telegram: https://t.me/ExpressZeitung";"2021-02-26T08:42:56+0000";"";"";"";"140";"129";"0";"6";"1";"1";"3"
"1";"4";"1";"1378045312483970_2938623146426171";"data";"data.*";"fetched (200)";"2021-03-18 13:44:38.587095";"Facebook:/<page-id>/posts";"AIDS als Blaupause für Corona - Der Mythos vom Todes-Virus  Zwar fegten laut unseren Medienorganen, Politikern und Virologen in den letzten Jahrzehnten schon Dutzende scheinbare Seuchen über die Erde, doch nur zwei von ihnen waren gekommen, um zu bleiben: «AIDS» und «Corona». Bei ihnen wurde die Panik-getränkte Berichterstattung nicht abgebrochen und sie fanden Eingang in den menschlichen Alltag, wurden zum Teil des Lebens und der Kultur. Sie prägten den Zeitgeist einer ganzen Generation. Das Fatale daran: Tatsächlich stimmt von dem, was die Öffentlichkeit über die vermeintlich so gut erforschten «HI-» und «Corona-Viren» zu wissen glaubt, so gut wie nichts! Dabei erweist sich der «AIDS»-Mythos als Grundlage für das, was wir heute mit «COVID-19» erleben. Sogar Bill Gates sprach davon, «wie HIV/AIDS uns auf den Kampf gegen COVID-19 vorbereitet hat».  🗞 AIDS als Blaupause für Corona - Der Mythos vom Todes-Virus https://shop.expresszeitung.com/.../ausgabe_38.html...  📬 ExpressZeitung abonnieren https://shop.expresszeitung.com/shop/shop/abos.html?atid=313  Folgen Sie uns zu Telegram Facebook ist eine für Alternativen Medien, abweichende Meinungen und missliebige Informationen sterbende Plattform, die immer irrelevanter wird - zurecht! Folgen Sie uns auf Telegram, wo wir täglich aktiv sind und unzensierte Beiträge zu aktuellen Geschehnissen schreiben: https://t.me/ExpressZeitung";"2021-02-25T14:16:28+0000";"";"";"";"121";"118";"0";"0";"2";"0";"1"
"1";"5";"1";"1378045312483970_2938618826426603";"data";"data.*";"fetched (200)";"2021-03-18 13:44:38.587095";"Facebook:/<page-id>/posts";"«AIDS» und «Corona»: Alter Wein in neuen Schläuchen  Allein seit dem Jahr 2000 fegten viele scheinbare Seuchen über die Erde: «SARS» 2003, die «Schweinegrippe» 2009, «MERS» 2012, «Ebola» 2014, «Zika» 2016. Am Ende entpuppten sich all die hier genannten «Infektionskrankheiten » sogar ganz offiziell als hohle Luftnummern und billige Panik-Mache. Nachdem die Pharma-Industrie durch Medikamenten- oder Impfstoff-Verkäufe ihren Reibach eingestrichen hatte, war das «Virus» plötzlich kein Thema mehr. Die grossen Medienhäuser beendeten die angsterzeugenden Berichterstattungen, und sowie die «Krankheiten» aus den Schlagzeilen verschwunden waren, verschwanden sie auch aus dem öffentlichen Interesse – meist für immer...  Hier weiterlesen: https://www.expresszeitung.com/gesundheit/aids-als-blaupause-fuer-corona  Folgen Sie uns zu Telegram Facebook ist eine für Alternativen Medien, abweichende Meinungen und missliebige Informationen sterbende Plattform, die immer irrelevanter wird - zurecht! Folgen Sie uns auf Telegram, wo wir täglich aktiv sind und unzensierte Beiträge zu aktuellen Geschehnissen schreiben: https://t.me/ExpressZeitung";"2021-02-25T14:09:30+0000";"";"";"";"47";"44";"0";"0";"3";"0";"0"
"1";"6";"1";"1378045312483970_2938043249817494";"data";"data.*";"fetched (200)";"2021-03-18 13:44:38.587095";"Facebook:/<page-id>/posts";"Zum Weiterreichen und selbst lesen: Der Inhalt der neuen ExpressZeitung  🗞 AIDS als Blaupause für Corona - Der Mythos vom Todes-Virus https://shop.expresszeitung.com/shop/shop/alle-ausgaben/ausgabe_38.html?atid=313  📬 ExpressZeitung abonnieren https://shop.expresszeitung.com/shop/shop/abos.html?atid=313  Facebook ist eine für Alternativen Medien, abweichende Meinungen und missliebige Informationen sterbende Plattform, die immer irrelevanter wird - zurecht! Folgen Sie uns auf Telegram, wo wir täglich aktiv sind und unzensierte Beiträge zu aktuellen Geschehnissen schreiben: https://t.me/ExpressZeitung";"2021-02-24T17:16:16+0000";"";"";"";"40";"37";"0";"0";"3";"0";"0"
"1";"7";"1";"1378045312483970_2936751053280047";"data";"data.*";"fetched (200)";"2021-03-18 13:44:38.587095";"Facebook:/<page-id>/posts";"AIDS als Blaupause für Corona? (Teil 1)  Unsere neue Ausgabe erscheint diese Woche. Sie können sie schon jetzt hier bestellen: https://shop.expresszeitung.com/shop/shop/alle-ausgaben/ausgabe_38.html?atid=313  Mit einem Jahres-Abo unterstützen Sie unsere werbefreie, systemkritische und unabhängige ExpressZeitung: https://shop.expresszeitung.com/shop/shop/abos.html?atid=313  Folgen Sie uns zu Telegram Facebook ist eine für Alternativen Medien, abweichende Meinungen und missliebige Informationen sterbende Plattform, die immer irrelevanter wird - zurecht! Folgen Sie uns auf Telegram, wo wir täglich aktiv sind und unzensierte Beiträge zu aktuellen Geschehnissen schreiben: https://t.me/ExpressZeitung";"2021-02-22T20:29:36+0000";"";"";"";"88";"88";"0";"0";"0";"0";"0"
"1";"8";"1";"1378045312483970_2912564292365390";"data";"data.*";"fetched (200)";"2021-03-18 13:44:38.587095";"Facebook:/<page-id>/posts";"Aids - eine Jahrhundertseuche oder Jahrhundertlüge?  Was die Weltbevölkerung seit 2020 mit Corona erlebt, ruft bei Einigen ein Déjà-Vu hervor. Denn in/ab den 80ern wurde ein sehr ähnliches Spiel mit AIDS betrieben, das bis heute nachwirkt. In unserer neuen Ausgabe beschäftigen wir uns mit diesem Thema, das den Meisten gar nicht in den Sinn kommt, zu bezweifeln.   🗞 Aids - eine Jahrhundertseuche oder Jahrhundertlüge? https://shop.expresszeitung.com/shop/shop/alle-ausgaben/ausgabe_37.html?atid=313  📬 ExpressZeitung abonnieren (8x/Jahr  unabhängige Systemkritik aus der Schweiz) https://shop.expresszeitung.com/shop/shop/abos.html?atid=313)  Die Autoren von Virus-Wahn waren uns dabei eine große Hilfe. Das Buch erscheint demnächst in einer Neuauflage:  https://www.torstenengelbrecht.com/buecher/virus-wahn/  Folgen Sie uns zu Telegram Facebook ist eine für Alternativen Medien, abweichende Meinungen und missliebige Informationen sterbende Plattform, die immer irrelevanter wird - zurecht! Folgen Sie uns auf Telegram, wo wir täglich aktiv sind und unzensierte Beiträge zu aktuellen Geschehnissen schreiben: https://t.me/ExpressZeitung";"2021-01-20T11:10:47+0000";"";"";"";"150";"140";"0";"2";"8";"0";"0"
"1";"9";"1";"1378045312483970_2907278412893978";"data";"data.*";"fetched (200)";"2021-03-18 13:44:38.587095";"Facebook:/<page-id>/posts";"Corona-Folgeschäden auf dem Prüfstand. Ist die Behandlung schuld?  Immer wieder hört und liest man über die Folgeschäden von Covid-19. Doch handelt es sich dabei um ein neues Phänomen? Und sind die Symptome, unter denen die Patienten leiden, wirklich zweifellos auf Corona zurückzuführen?  https://open.lbry.com/@ExpressZeitung:8/Folgeschäden:9?r=7eno8jRLGsLYLbJX4sbJX4fUw82ooVCg";"2021-01-13T10:47:14+0000";"";"";"";"72";"64";"0";"5";"1";"1";"1"
"1";"10";"1";"1378045312483970_2901874250101061";"data";"data.*";"fetched (200)";"2021-03-18 13:44:38.587095";"Facebook:/<page-id>/posts";"Die richtige Impfentscheidung treffen  Damals haben wir uns schon kritisch mit Impfungen auseinander gesetzt. Das sind die Grundbedingungen - fällt eine davon weg, ist von der Impfung abzuraten.   Im heutigen Kontext ist es besonders erstaunlich, denn bei den Covid-Impfungen fallen alle Beine des Hockers weg.   Die Impfung, mit der Bürger auf der ganzen Welt erpresst werden ist..  ..nicht wirksam 🚫 .. nicht sicher 🚫 ..nicht notwendig 🚫  Auch abseits der kommenden Corona-Impfungen ist diese Ausgabe lesenswert, da sie sich grundlegend mit dem Thema auseinander setzt:   🗞 Impfen als Fortschrittsdogma einer modernen Gesellschaft?  https://shop.expresszeitung.com/shop/shop/alle-ausgaben/ausgabe-18.html?atid=313";"2021-01-06T12:55:14+0000";"";"";"";"129";"128";"1";"0";"0";"0";"0"
"1";"11";"1";"1378045312483970_2883868141901672";"data";"data.*";"fetched (200)";"2021-03-18 13:44:38.587095";"Facebook:/<page-id>/posts";"BLACK LIVES MATTER & DIE GESCHICHTE DER SKLAVEREI  EXPRESSZEITUNG SPEZIAL  LIVE!!  zu Gast Alexander Schnarf www.expresszeitung.com  Die ExpressZeitung und Kulturstudio haben für alle Unterstützer ein kleines Weihnachts-Dankeschön dabei!   Dienstag, den 15.12.2020 LIVE auf TWITCH 19:00 UHR  📺https://www.twitch.tv/kulturstudio 👈";"2020-12-15T12:08:43+0000";"";"";"";"59";"57";"0";"2";"0";"0";"0"
"1";"12";"1";"1378045312483970_2877293345892485";"data";"data.*";"fetched (200)";"2021-03-18 13:44:38.587095";"Facebook:/<page-id>/posts";"Warum spricht man nie von einem «chinesischen», «italienischen» oder einem «irischen Ghetto»? Der einst hochrangige, schwarze Ex-Kommunist Manning Johnson sagte, der Begriff «Ghetto» sei geschaffen worden, um das Narrativ zu kreieren, Weisse hätten die schwarzen Ghettos geschaffen, um Afroamerikaner von der weissen Gesellschaft fernzuhalten. Weisse seien deshalb auch für die grassierende Armut und Kriminalität in schwarzen Wohngegenden verantwortlich.  Aus unserem Artikel ""Die Entstehung der «schwarzen Ghettos»"" in unserer Ausgabe Nr. 36:   🗞 Black Lives Matter - Geplanter Rassenkrieg zum revolutionären Umsturz des Westens https://shop.expresszeitung.com/shop/shop/alle-ausgaben/ausgabe_36.html?atid=313";"2020-12-07T14:51:12+0000";"";"";"";"112";"100";"0";"10";"0";"0";"2"
"1";"13";"1";"1378045312483970_2875482452740241";"data";"data.*";"fetched (200)";"2021-03-18 13:44:38.587095";"Facebook:/<page-id>/posts";"«Man nennt es ‹Revolutionären Parlamentarismus›, eine Zangenbewegung, die politischen Druck von oben und von unten ausübt. Wenn sie jetzt von Druck von oben sprechen, meinen sie, dass sie ihre Leute und ihren Einfluss innerhalb der Regierung für eine Übernahme nutzen, um offizielle Empfehlungen für die Gesetzgebung vorzulegen. Der Druck von unten bedeutet dann, dass sie ihren Einfluss auf die verschiedenen Massen- Mitgliedsorganisationen des Landes nutzen, um den Anschein einer grossen Unterstützung der Bevölkerung für diese Empfehlungen zu erwecken.» - G. Edward Griffin, Historiker, 1969   Aus unserer neuen Ausgabe ""Black Lives Matter - Geplanter Rassenkrieg zum revolutionären Umsturz des Westens""  🗞 Ausgabe Nr. 36 hier bestellen https://shop.expresszeitung.com/shop/shop/alle-ausgaben/ausgabe_36.html?atid=313)  📬 Abo (beginnt mit BLM-Ausg. Nr 36)  https://shop.expresszeitung.com/shop/shop/abos.html?atid=313";"2020-12-05T09:03:35+0000";"";"";"";"156";"120";"0";"0";"0";"6";"30"
"1";"14";"1";"1378045312483970_2873161676305652";"data";"data.*";"fetched (200)";"2021-03-18 13:44:38.587095";"Facebook:/<page-id>/posts";"";"2020-12-02T13:05:26+0000";"";"";"";"17";"16";"0";"0";"1";"0";"0"
"1";"15";"1";"1378045312483970_2873155756306244";"data";"data.*";"fetched (200)";"2021-03-18 13:44:38.587095";"Facebook:/<page-id>/posts";"Black Lives Matter - Geplanter Rassenkrieg zum revolutionären Umsturz des Westens https://www.expresszeitung.com/?atid=313";"2020-12-02T12:56:49+0000";"";"";"";"59";"52";"0";"0";"0";"1";"6"
"1";"16";"1";"1378045312483970_2873153429639810";"data";"data.*";"fetched (200)";"2021-03-18 13:44:38.587095";"Facebook:/<page-id>/posts";"Black Lives Matter - Geplanter Rassenkrieg zum revolutionären Umsturz des Westens  Es gehört zur klassischen Vorgehensweise marxistischer Ideologen, ihre antifreiheitlichen Absichten unter dem Versprechen zu tarnen, vorherrschende gesellschaftliche Missstände beseitigen zu wollen. Dieses Muster begegnet uns nicht nur bei der Instrumentalisierung der Arbeiter, denen Sozialisten seit jeher die Befreiung von ihren kapitalistischen Ausbeutern garantieren, sondern ebenso bei ethnischen (und anderen) Randgruppen, vor allem amerikanischen Schwarzen, deren Wunsch nach ökonomischer Gleichheit seit Jahrzehnten perfide ausgenutzt wird. Besonders ab den 50er-Jahren - als die Arbeiterklasse nicht mehr in grosser Zahl für den Kommunismus zu missbrauchen war – setzten Marxisten auf die Unzufriedenheit der Schwarzen, um eine «Revolutionäre Situation» herbeizuführen, die einer kommunistischen Machtübernahme den Weg ebnen sollte. Die 2013 entstandene Bewegung «Black Lives Matter» gab der marxistischen Instrumentalisierung von Schwarzen, die schon fast 100 Jahre zuvor unter Anleitung der Sowjetunion begründet worden war, lediglich einen neuen Namen.  📬 Leseprobe / Ausgabe kaufen / Abonnieren auf: https://www.expresszeitung.com/?atid=313   📺 Video zur Ausgabe: Mehr als ein tödlicher Krieg: Die Kommunistische Revolution https://lbry.tv/@ExpressZeitung:8/Griffin:f?r=FkqnNbJ61tDq2WwxWtriFz3GsHxc9J6d";"2020-12-02T12:53:43+0000";"";"";"";"113";"112";"0";"0";"1";"0";"0"
"1";"17";"1";"1378045312483970_2861127017509118";"data";"data.*";"fetched (200)";"2021-03-18 13:44:38.587095";"Facebook:/<page-id>/posts";"AB 11:00 UHR BERLIN  LIVE!  AUF DLIVE ➡️ https://dlive.tv/kulturstudio.tv  Wir versuchen Live-Bilder einzufangen und kommentieren für Euch!   Mit Alexander Schnarf (@better(k)now / ExpressZeitung) und anderen!";"2020-11-18T09:48:51+0000";"";"";"";"14";"14";"0";"0";"0";"0";"0"
"1";"18";"1";"1378045312483970_2860457320909421";"data";"data.*";"fetched (200)";"2021-03-18 13:44:38.587095";"Facebook:/<page-id>/posts";"Black Lives Matter und Co vor über 50 Jahren vorhergesagt:  Ein Vortrag von G. Edward Griffin aus dem Jahr 1969 prophezeit die gegenwärtige Realität in fast unheimlichem Ausmass.   Nur auf LBRY: 📺 Mehr als ein tödlicher Krieg: Die Kommunistische Revolution https://open.lbry.com/@ExpressZeitung:8/Griffin:f?r=FkqnNbJ61tDq2WwxWtriFz3GsHxc9J6d  📬 Jetzt rechtzeitig zur Ausgabe Nr. 36 über ""Black Lives Matter"" die ExpressZeitung abonnieren:  https://shop.expresszeitung.com/shop/shop/abos.html?atid=313   Die freie Verbreitung unserer Videos ist ausdrücklich erlaubt!";"2020-11-17T15:30:31+0000";"";"";"";"45";"36";"0";"0";"8";"1";"0"
"1";"19";"1";"1378045312483970_2858606481094505";"data";"data.*";"fetched (200)";"2021-03-18 13:44:38.587095";"Facebook:/<page-id>/posts";"Morgen werden wir ein neues Video exklusiv auf LBRY veröffentlichen, da unser Youtubekanal aufgrund von angeblichen Verstößen gegen die Community-Richtlinien für Uploads gesperrt ist.   Das Video würde aufgrund des Inhalts ohnehin nach wenigen Stunden gelöscht mitsamt eines weiteren Strikes, also werden wir es erst gar nicht auf Youtube hochladen.  Auf LBRY können Sie die Videos downloaden und selbst verbreiten.  Folgen Sie uns auf LBRY: https://lbry.tv/$/invite/@ExpressZeitung:8";"2020-11-15T16:37:07+0000";"";"";"";"21";"12";"0";"0";"3";"3";"3"
"1";"20";"1";"1378045312483970_2847907012164452";"data";"data.*";"fetched (200)";"2021-03-18 13:44:38.587095";"Facebook:/<page-id>/posts";"Vor Kurzem wurde verkündet, die Slowakei lässt ihre komplette Bevölkerung testen. Wer sich verweigert, dem blüht Existenzvernichtung. Trotzdem wird von einem ""kostenlosen Angebot"" gesprochen - Der blanke Hohn.  Sie werden gezwungen, das Spiel mitzuspielen oder sich bei Weigerung Ihrer Existenzgrundlage zu entziehen. Die Optionen, die Ihnen von Ihren Politikern ""angeboten"" werden, stehen grundsätzlich gegen Ihre eigene Interessen, Ihre Selbstbestimmung, Ihre Grundrechte, Ihre Gemeinschaft und Ihr Land. Oder kurz: Friss oder stirb.  Mit der Corona-Diktatur zur «Neuen Normalität» (Ausgabe Nr. 33): https://shop.expresszeitung.com/shop/shop/alle-ausgaben/ausgabe_33.html?atid=313  Corona-Hysterie ohne Beweise - Die WHO als Wiederholungstäter https://shop.expresszeitung.com/shop/shop/alle-ausgaben/ausgabe_32.html?atid=313  Kostenlose PDF (Ausgabe Nr. 32):  https://t.me/ExpressZeitung/4322 / https://www.expresszeitung.com?atid=313  Pakete zum Selbstkostenpreis:  https://shop.expresszeitung.com/shop/shop/pakete.html?atid=313  Folgen Sie uns auf Telegram:  https://t.me/ExpressZeitung/  Danke an das Kulturstudio für die Bereitstellung der Übersetzung: https://t.me/Kulturstudio/9024  #Slowakei #Testzwang #Impfpflicht";"2020-11-04T17:05:40+0000";"";"";"";"1617";"473";"9";"25";"35";"76";"999"
"1";"21";"1";"1378045312483970_2842121876076299";"data";"data.*";"fetched (200)";"2021-03-18 13:44:38.587095";"Facebook:/<page-id>/posts";"Das sind die Zahlen, mit denen die schweizweite Maskenpflicht, ein potentieller Lockdown, Einschränkung der Personenfreizügigkeit und nicht zuletzt eine Wirtschaftskatastrophe gerechtfertigt werden. Wir zeigen auf, was sie tatsächlich bedeuten.  Übrigens: Die Fehlerhaftigkeit der PCR-Tests wurde hier noch nicht einmal miteinbezogen. Das heißt, es bleibt lächerlich, selbst wenn die Tests 100% fehlerfrei wären, was sie absolut nicht sind!  Nachtrag/Anmerkung: Im Video herrscht ein unausgesprochener Gedankensprung vor, der im Video nicht erklärt wurde. Die Aussage, in der es offenbar für manche so wirkt, als hätten wir Testungen und bestätigte Fälle gleichgesetzt, basiert darauf, dass wenn mehr getestet wird, es auch mehr bestätigte Fälle gibt - und eben andersrum: Wo es mehr bestätigte Fälle gibt,, wurde auch mehr getestet. Die bestätigten Fälle sagen nichts darüber aus, ob Symptome vorherrschen oder überhaupt von einer Krankheit gesprochen werden kann. In der Schweiz wurden die Tests extrem hochgefahren (wie auch im Video gezeigt), wodurch dann auch die entsprechenden ""bestätigten Fälle"" zustande kommen.  Gegen Corona-Verblödung: 🧨 Corona-Hysterie ohne Beweise - Die WHO als Wiederholungstäter https://shop.expresszeitung.com/shop/shop/alle-ausgaben/ausgabe_32.html?atid=313   📎 Kostenloses PDF (96 Seiten) https://t.me/ExpressZeitung/5576)  📦 Pakete zum Selbstkostenpreis https://shop.expresszeitung.com/shop/shop/pakete.html?atid=313  🧨 Mit der Corona-Diktatur zur «Neuen Normalität» https://shop.expresszeitung.com/shop/shop/alle-ausgaben/ausgabe_33.html?atid=313  Anmerkung: Das Video wurde spontan, ""quick&dirty"" aufgenommen.";"2020-10-29T18:39:26+0000";"";"";"";"1984";"1691";"4";"153";"64";"37";"35"
"1";"22";"1";"ExpressZeitung";"offcut";"";"fetched (200)";"2021-03-18 13:44:38.587095";"Facebook:/<page-id>/posts";"";"";"";"";"";"";"";"";"";"";"";""
"1";"23";"1";"ExpressZeitung";"headers";"";"fetched (200)";"2021-03-18 13:44:38.587095";"Facebook:/<page-id>/posts";"";"";"";"";"";"";"";"";"";"";"";""
"2";"24";"2";"2944879145800571_2945058775782608";"data";"data.*";"fetched (200)";"2021-03-18 13:45:42.015519";"Facebook:/<post-id>/comments";"Super !!!";"2021-03-06T15:01:28+0000";"1";"0";"";"1";"1";"0";"0";"0";"0";"0"
"2";"25";"2";"2944879145800571_2946370985651387";"data";"data.*";"fetched (200)";"2021-03-18 13:45:42.015519";"Facebook:/<post-id>/comments";"Fragen...‼️‼️‼️ Was für Schutz erwartet ihr denn von einer Impfung die nicht immun macht und auch nicht dafür sorgen kann, daß keine Ansteckung mehr stattfindet..?? Das wird uns doch ständig als Grund genannt, warum Geimpfte weiterhin den Maßnahmen unterliegen..‼️ Der Hersteller verspricht keine Immunität sondern eine Abmilderung eines schweren Verlaufes..‼️ Woher soll also die Herdenimmunitaet kommen..??  Es wird die ganze Zeit davon geredet „schützt die alten Leute“..leider versterben diese in hohem Maße..nach den Impfungen.. Viele sind danach positiv obwohl sie vorher negativ waren,ja das wird jetzt auf die Mutanten geschoben.. Heißt das,ich werde durch die Impfung krank gemacht..?? Müssen jetzt die ungeimpften vor den geimpften Angst haben..‼️??‼️ So viele Fragen und keine Antworten... Das RKI..‼️ Wer sich impfen lässt und glaubt, sich wieder so verhalten zu können wie vor Corona, der irrt.  Nach wie vor gelten strenge Regeln, um andere nicht zu infizieren.  Noch immer ist vieles unklar...‼️ Eine Impfung kann einen schweren Verlauf abmildern oder im besten Fall ganz verhindern..‼️ Vieles aber ist noch nicht ausreichend erforscht..‼️ Noch fehlen eindeutige Studien dazu, wie lange der Impfschutz anhält und inwieweit eine Impfung hilft, die Verbreitung des Virus in der Bevölkerung zu reduzieren oder gar ganz zu stoppen. .‼️ Klar ist auch nicht, ob Geimpfte weiterhin ansteckend sind..‼️ Und naja jetzt auch noch kostenlose Teste ,dann gehen die Fallzahlen wohl wieder in die Höhe ..‼️";"2021-03-08T10:13:10+0000";"0";"0";"";"0";"0";"0";"0";"0";"0";"0"
"2";"26";"2";"2944879145800571_2947022848919534";"data";"data.*";"fetched (200)";"2021-03-18 13:45:42.015519";"Facebook:/<post-id>/comments";"Ist denn das Corona Virus genauso real wie HIV? https://youtu.be/bs_D30CDuFc";"2021-03-09T07:23:22+0000";"0";"0";"";"0";"0";"0";"0";"0";"0";"0"
"2";"27";"2";"2944879145800571_2947022925586193";"data";"data.*";"fetched (200)";"2021-03-18 13:45:42.015519";"Facebook:/<post-id>/comments";"Was bedeutet ein positives Testergebnis? https://youtu.be/_q4tbM4acf4";"2021-03-09T07:23:35+0000";"0";"0";"";"0";"0";"0";"0";"0";"0";"0"
"2";"28";"2";"2944879145800571_2948756915412794";"data";"data.*";"fetched (200)";"2021-03-18 13:45:42.015519";"Facebook:/<post-id>/comments";"Wann wird diese Russenseite endlich dicht gemacht ? 💁‍♂️";"2021-03-11T16:48:44+0000";"0";"0";"";"0";"0";"0";"0";"0";"0";"0"
"2";"29";"2";"1378045312483970_2944879145800571";"offcut";"";"fetched (200)";"2021-03-18 13:45:42.015519";"Facebook:/<post-id>/comments";"";"";"";"";"";"";"";"";"";"";"";""
"2";"30";"2";"1378045312483970_2944879145800571";"headers";"";"fetched (200)";"2021-03-18 13:45:42.015519";"Facebook:/<post-id>/comments";"";"";"";"";"";"";"";"";"";"";"";""
"2";"31";"3";"2939142349707584_2939152593039893";"data";"data.*";"fetched (200)";"2021-03-18 13:45:48.075029";"Facebook:/<post-id>/comments";"Vermutlich";"2021-02-26T09:03:56+0000";"0";"0";"";"0";"0";"0";"0";"0";"0";"0"
"2";"32";"3";"2939142349707584_2939152693039883";"data";"data.*";"fetched (200)";"2021-03-18 13:45:48.075029";"Facebook:/<post-id>/comments";"Geschätzt";"2021-02-26T09:04:12+0000";"2";"0";"";"2";"2";"0";"0";"0";"0";"0"
"2";"33";"3";"2939142349707584_2939162713038881";"data";"data.*";"fetched (200)";"2021-03-18 13:45:48.075029";"Facebook:/<post-id>/comments";"";"2021-02-26T09:30:23+0000";"0";"0";"";"0";"0";"0";"0";"0";"0";"0"
"2";"34";"3";"2939142349707584_2939166609705158";"data";"data.*";"fetched (200)";"2021-03-18 13:45:48.075029";"Facebook:/<post-id>/comments";"Die Menschen müssten eigentlich nur kapieren, dass es einfach keine krankmachenden Viren gibt. Leider ist die Wissenschaft für die Menschen zu einem religiösen Todeskult mutiert. Zu viele verdienen zu gut durch die Lügen und glauben halt an den ganzen Schwachsinn. Ich habe selbst mal Medizin studiert (1. Staatsexamen gemacht), es war der Horror mit anzusehen wie verballert diese ""1.0er Abi"" - Studenten waren. Und dann bilden diese Leute sich noch ein etwas ganz Besonderes zu sein mit ihrer Auswendiglernerei und ihrem weißen Kittel. Die meisten Medizinstudenten sind an der Physikklausur gescheitert (Niveau der 11. Schulklasse oder darunter). Da werden Generationen von Vollidioten angezüchtet. Das Ergebnis sehen wir nun. Anmerkung: Natürlich gibt es auch ein paar kluge und aufrichtige Menschen unter den Medizinern. ";"2021-02-26T09:40:34+0000";"5";"3";"";"6";"5";"0";"1";"0";"0";"0"
"2";"35";"3";"2939142349707584_2939215469700272";"data";"data.*";"fetched (200)";"2021-03-18 13:45:48.075029";"Facebook:/<post-id>/comments";"Pharmahörig noch dazu, die Vertreter gehen doch an den Unis ein und aus, und das nennt sich normalerweise Korruption. Ich darf an Berichte über durch Pharmakonzerne finanzierte Urlaubsreisen von ""Ärztegruppen"" in der Südsee, mit kostenlosen Kursen und Tauchausrüstungen. (Udo Ulfkotte)";"2021-02-26T11:00:53+0000";"1";"0";"";"1";"1";"0";"0";"0";"0";"0"
"2";"36";"3";"2939142349707584_2939230099698809";"data";"data.*";"fetched (200)";"2021-03-18 13:45:48.075029";"Facebook:/<post-id>/comments";"Eilmeldung-Wieler freut sich das trotz Lockdown die zahlen steigen und die 3.Welle bereits am RKI an die Tür geklopft hat-also Vorsicht- und nicht ninterfragen-einfach durch marschieren";"2021-02-26T11:33:00+0000";"1";"0";"";"1";"1";"0";"0";"0";"0";"0"
"2";"37";"3";"2939142349707584_2939231789698640";"data";"data.*";"fetched (200)";"2021-03-18 13:45:48.075029";"Facebook:/<post-id>/comments";"Veronika Kraus Es ist im Endeffekt ein durch und durch korruptes (Kommunistisches) System. Fairerweise muss man auch sagen, dass Ärzte indirekt und teilweise zur Pharmahörigkeit gezwungen werden. Die Krankenhäuser unterliegen z.B. einer staatlichen (Pharma) Planwirtschaft, die den Betrieb steuert. Wer jedoch seine Hand den Pharmas noch weiter öffnet, als es für sein wirtschafltiches Überleben nötig ist, der ist ein Verbrecher. Auch muss fairerweise gesagt werden, dass sich dieses korrupte System durch sehr viele Wirtschaftszweige zieht. Die Ingenieurskunst (Mein Gebiet) verkommt auch immer mehr zu einem Klimatodeskult. Ich war auf einem Vortrag von Vattenfall über eine Studie zum ""Fossilfreien Berlin""... Ich kann es nicht in Worten fassen wie bekloppt und Realitätsfern das ganze war. DIe Studenten und die wissenschaftlichen Mitarbeitern waren jedoch sehr hörig und voller Bewunderung...vermutlich in der Hoffnung auf einen Platz bei Vattenfall.";"2021-02-26T11:36:24+0000";"1";"0";"";"1";"1";"0";"0";"0";"0";"0"
"2";"38";"3";"2939142349707584_2939257176362768";"data";"data.*";"fetched (200)";"2021-03-18 13:45:48.075029";"Facebook:/<post-id>/comments";"Bill Gates hat sich schon im Kampf gegen AIDS engagiert. https://youtu.be/GQVFA38j598";"2021-02-26T12:18:53+0000";"1";"0";"";"1";"1";"0";"0";"0";"0";"0"
"2";"39";"3";"2939142349707584_2939258289695990";"data";"data.*";"fetched (200)";"2021-03-18 13:45:48.075029";"Facebook:/<post-id>/comments";"Niklas Boller, diese linke Agenda, die den Verstand außer Acht lässt, die allein auf Ideologien gegründet ist und ihre eigene Lächerlichkeit nicht erkennt, ist ein Mittel dazu, breite Schichten der Bevölkerung in einem Modus zu halten, in dem sie nicht hinterfragen und dem Regime nicht gefährlich sind. Erstaunlich, dass diese Strategie immer wieder funktioniert, selbst nach den Efahrungen der zwei Weltkriege und der Leiden in Folge von Sozialismus. Da viele Menschen die mächtige Überlegenheit der Instanzen über sich spüren, ist der vorauseilende Gehorsam als eine Folge ihrer existenziellen Angst zu sehen. Angst, Profitdenken, und ebenso eine Mischung vom beiden. In dieser Zeit 'trennt sich Spreu vom Weizen', und genauso wurde es in den früheren Zeitaltern für das Ende der Zivilisation vorausgesagt. Immerhin, das Böse bleibt an die materielle Welt gebunden, es pflanzt sich nicht weiter fort. Der Materialismus hat sich selbst eine Falle gestellt und für sich ein Hamsterrad errichtet. Dass sie nun alle mit einbinden wollen, ist nicht verwunderlich. Zum falschen Weg gehört auch der Neid und auf der anderen Seite Schadenfreude.";"2021-02-26T12:21:26+0000";"1";"0";"";"1";"1";"0";"0";"0";"0";"0"
"2";"40";"3";"2939142349707584_2939348823020270";"data";"data.*";"fetched (200)";"2021-03-18 13:45:48.075029";"Facebook:/<post-id>/comments";"Ich hoffe das in 2-3 Jahren, alle die es wollten an ihrem Gift verreckt sind. Dann kommt endlich wieder Ruhe rein.";"2021-02-26T15:04:29+0000";"3";"0";"";"3";"3";"0";"0";"0";"0";"0"
"2";"41";"3";"2939142349707584_2946371198984699";"data";"data.*";"fetched (200)";"2021-03-18 13:45:48.075029";"Facebook:/<post-id>/comments";"Fragen...‼️‼️‼️ Was für Schutz erwartet ihr denn von einer Impfung die nicht immun macht und auch nicht dafür sorgen kann, daß keine Ansteckung mehr stattfindet..?? Das wird uns doch ständig als Grund genannt, warum Geimpfte weiterhin den Maßnahmen unterliegen..‼️ Der Hersteller verspricht keine Immunität sondern eine Abmilderung eines schweren Verlaufes..‼️ Woher soll also die Herdenimmunitaet kommen..??  Es wird die ganze Zeit davon geredet „schützt die alten Leute“..leider versterben diese in hohem Maße..nach den Impfungen.. Viele sind danach positiv obwohl sie vorher negativ waren,ja das wird jetzt auf die Mutanten geschoben.. Heißt das,ich werde durch die Impfung krank gemacht..?? Müssen jetzt die ungeimpften vor den geimpften Angst haben..‼️??‼️ So viele Fragen und keine Antworten... Das RKI..‼️ Wer sich impfen lässt und glaubt, sich wieder so verhalten zu können wie vor Corona, der irrt.  Nach wie vor gelten strenge Regeln, um andere nicht zu infizieren.  Noch immer ist vieles unklar...‼️ Eine Impfung kann einen schweren Verlauf abmildern oder im besten Fall ganz verhindern..‼️ Vieles aber ist noch nicht ausreichend erforscht..‼️ Noch fehlen eindeutige Studien dazu, wie lange der Impfschutz anhält und inwieweit eine Impfung hilft, die Verbreitung des Virus in der Bevölkerung zu reduzieren oder gar ganz zu stoppen. .‼️ Klar ist auch nicht, ob Geimpfte weiterhin ansteckend sind..‼️ Und naja jetzt auch noch kostenlose Teste ,dann gehen die Fallzahlen wohl wieder in die Höhe ..‼️";"2021-03-08T10:13:41+0000";"0";"0";"";"0";"0";"0";"0";"0";"0";"0"
"2";"42";"3";"1378045312483970_2939142349707584";"offcut";"";"fetched (200)";"2021-03-18 13:45:48.075029";"Facebook:/<post-id>/comments";"";"";"";"";"";"";"";"";"";"";"";""
"2";"43";"3";"1378045312483970_2939142349707584";"headers";"";"fetched (200)";"2021-03-18 13:45:48.075029";"Facebook:/<post-id>/comments";"";"";"";"";"";"";"";"";"";"";"";""
"2";"44";"4";"2938623049759514_2938626853092467";"data";"data.*";"fetched (200)";"2021-03-18 13:45:48.413815";"Facebook:/<post-id>/comments";"Hier kommt der Erfinder von PCR ab 11:30 zu Wort: https://youtu.be/YjiL6K2O0vI";"2021-02-25T14:23:00+0000";"3";"0";"";"3";"3";"0";"0";"0";"0";"0"
"2";"45";"4";"2938623049759514_2938654129756406";"data";"data.*";"fetched (200)";"2021-03-18 13:45:48.413815";"Facebook:/<post-id>/comments";"https://www.facebook.com/hellwach.tv/videos/241609817589440/";"2021-02-25T15:13:06+0000";"0";"0";"";"0";"0";"0";"0";"0";"0";"0"
"2";"46";"4";"2938623049759514_2938676579754161";"data";"data.*";"fetched (200)";"2021-03-18 13:45:48.413815";"Facebook:/<post-id>/comments";"Erinnert sich noch jemand an die Schweinegrippe? https://youtu.be/5umdG1kp3mE ";"2021-02-25T15:55:33+0000";"3";"0";"";"3";"3";"0";"0";"0";"0";"0"
"2";"47";"4";"2938623049759514_2938696669752152";"data";"data.*";"fetched (200)";"2021-03-18 13:45:48.413815";"Facebook:/<post-id>/comments";"Das Blatt für Hirnamputierte!🙈🙈";"2021-02-25T16:25:15+0000";"0";"0";"";"0";"0";"0";"0";"0";"0";"0"
"2";"48";"4";"2938623049759514_2938708213084331";"data";"data.*";"fetched (200)";"2021-03-18 13:45:48.413815";"Facebook:/<post-id>/comments";"Im Bild fehlt die CCP.";"2021-02-25T16:42:43+0000";"3";"0";"";"3";"3";"0";"0";"0";"0";"0"
"2";"49";"4";"2938623049759514_2948756252079527";"data";"data.*";"fetched (200)";"2021-03-18 13:45:48.413815";"Facebook:/<post-id>/comments";"Wann wird diese Russenseite endlich dicht gemacht ? 💁‍♂️";"2021-03-11T16:47:48+0000";"0";"0";"";"0";"0";"0";"0";"0";"0";"0"
"2";"50";"4";"2938623049759514_2953788398242979";"data";"data.*";"fetched (200)";"2021-03-18 13:45:48.413815";"Facebook:/<post-id>/comments";"Prügelnder Putzmann schlägt auf Schwerbehinderten ein- Reifenstecherei  Ich wollte nur meinen Briefkasten erreichen, der vom Putzfmann mit einem Keil und der Feuerschutztüre verkeilt war. Also entfernte ich den Keil, kam an meinem Briefkasten und ging. Daraufhin schrie der Mann (ohne Mundnasenmaske) mich und meine Frau in beleidigender Art und Weise zurück. Ich wollte ihm erklären, was Sache war - zeigte ihm meinen Schwerbehinderten-Ausweis und hatte eine Ohrfeige mir eingefangen. Dann erhob er den Besen und wollte auf mich einprügeln, konnte diesen abwehren und wurde die Treppe runter gestossen - Ich habe im übrigen auch Pflegestufe - da u.a. stark gehbehindert, halb blind, Parkinson, COPD usw.....Er drohte mir, falls ich ihn anzeigen würde, müsste ich auf meinen Wagen aufpassen. So nun an 2 Tagen hintereinander die Reifen an meinem Wagen zerstochen. Die Wohnungsverwaltung behauptet - er würde nicht für die arbeiten (heute putzte er wieder) - dabei seh ich diese in der Pflicht, den Angestellten zu maßregeln. Auch verweigert man mir eine abschliessbare Parkbox, damit unserem Wagen nichts mehr passieren kann - angeblich nichts frei - dabei ist das Gegenteil normal. Man redet sich raus - es wäre eine privatrechtliche Angelegenheit. Hätte ich dieses Verhalten meinem Arbeitgegeber gegenüber gezeigt, wäre ich in hohem Bogen geflogen";"2021-03-18T11:23:37+0000";"0";"0";"";"0";"0";"0";"0";"0";"0";"0"
"2";"51";"4";"1378045312483970_2938623146426171";"offcut";"";"fetched (200)";"2021-03-18 13:45:48.413815";"Facebook:/<post-id>/comments";"";"";"";"";"";"";"";"";"";"";"";""
"2";"52";"4";"1378045312483970_2938623146426171";"headers";"";"fetched (200)";"2021-03-18 13:45:48.413815";"Facebook:/<post-id>/comments";"";"";"";"";"";"";"";"";"";"";"";""
"2";"53";"5";"2938618826426603_2938712939750525";"data";"data.*";"fetched (200)";"2021-03-18 13:45:48.581821";"Facebook:/<post-id>/comments";"Kary Mullis ( US-amerikanischer Biochemiker. Er erhielt 1993 den Nobelpreis für Chemie gemeinsam mit Michael Smith für die Entwicklung der Polymerase-Kettenreaktion (PCR) im Jahr 1983) zum Thema AIDS: https://www.raum-und-zeit.com/r-z-online/artikel-archiv/raum-zeit-hefte-archiv/alle-jahrgaenge/1995/ausgabe-73/kary-mullis-die-hiv-aids-these-ist-falsch.html";"2021-02-25T16:52:03+0000";"1";"1";"";"1";"1";"0";"0";"0";"0";"0"
"2";"54";"5";"2938618826426603_2938714049750414";"data";"data.*";"fetched (200)";"2021-03-18 13:45:48.581821";"Facebook:/<post-id>/comments";".... und nochmal Kary Mullis zum Thema 'PCR-Test': https://www.bitchute.com/video/9agbhtUMGeV3/";"2021-02-25T16:54:16+0000";"0";"0";"";"0";"0";"0";"0";"0";"0";"0"
"2";"55";"5";"2938618826426603_2938716233083529";"data";"data.*";"fetched (200)";"2021-03-18 13:45:48.581821";"Facebook:/<post-id>/comments";"Für alle die Englisch verstehen: https://www.bitchute.com/video/rqKRH1MUgQPc/";"2021-02-25T16:58:38+0000";"0";"0";"";"0";"0";"0";"0";"0";"0";"0"
"2";"56";"5";"2938618826426603_2938800983075054";"data";"data.*";"fetched (200)";"2021-03-18 13:45:48.581821";"Facebook:/<post-id>/comments";"Ich schätze eher, es war die Schweinegrippe als Probelauf für Corona!";"2021-02-25T19:10:12+0000";"1";"0";"";"1";"1";"0";"0";"0";"0";"0"
"2";"57";"5";"2938618826426603_2938817036406782";"data";"data.*";"fetched (200)";"2021-03-18 13:45:48.581821";"Facebook:/<post-id>/comments";"die Aids Hysterie war 3 Jahre thema nummer eins in den medien-jeden Tag Horrar meldungen-und laut Bild sollten mindestens 3 Millionen deutsche sterben an der Seuche- als der Spuk vorbei war suchten sie neue Schlachtfelder- Rinderwahn zb. niemand wollte mehr Rindfleisch essen-war eine totale Luftnummer- Vogelgrippe dann der nächste Horror- nebenbei auch mal Maul und KLauen seuche- Malaria war im Westen nie ein Thema-Hunger eher selten in den Zeitungen- und dann Lebensmittel die Krebs erregend sein sollen-lange ein Thema-und dann Mietendeckel und Klimawandel-nun ging es rund auf den Strassen- die grippe welle 2018 war auch ein Ereignis mit 25.000 toten-laut RKI- und krankenhauskeime sind eher am Rande , das Leben ist gefährlich-es endet garantiert tötlich-";"2021-02-25T19:43:49+0000";"1";"1";"";"1";"1";"0";"0";"0";"0";"0"
"2";"58";"5";"2938618826426603_2939238743031278";"data";"data.*";"fetched (200)";"2021-03-18 13:45:48.581821";"Facebook:/<post-id>/comments";"Trotzdem wurde nie aufgeführt was wir jetzt gerade erleben";"2021-02-26T11:47:04+0000";"0";"0";"";"0";"0";"0";"0";"0";"0";"0"
"2";"59";"5";"1378045312483970_2938618826426603";"offcut";"";"fetched (200)";"2021-03-18 13:45:48.581821";"Facebook:/<post-id>/comments";"";"";"";"";"";"";"";"";"";"";"";""
"2";"60";"5";"1378045312483970_2938618826426603";"headers";"";"fetched (200)";"2021-03-18 13:45:48.581821";"Facebook:/<post-id>/comments";"";"";"";"";"";"";"";"";"";"";"";""
"2";"61";"6";"2938043249817494_2938070419814777";"data";"data.*";"fetched (200)";"2021-03-18 13:45:48.959643";"Facebook:/<post-id>/comments";"Ist denn das Corona Virus genauso real wie HIV?";"2021-02-24T17:56:58+0000";"0";"0";"";"0";"0";"0";"0";"0";"0";"0"
"2";"62";"6";"1378045312483970_2938043249817494";"offcut";"";"fetched (200)";"2021-03-18 13:45:48.959643";"Facebook:/<post-id>/comments";"";"";"";"";"";"";"";"";"";"";"";""
"2";"63";"6";"1378045312483970_2938043249817494";"headers";"";"fetched (200)";"2021-03-18 13:45:48.959643";"Facebook:/<post-id>/comments";"";"";"";"";"";"";"";"";"";"";"";""
"2";"64";"7";"2936751053280047_2936795496608936";"data";"data.*";"fetched (200)";"2021-03-18 13:45:49.324170";"Facebook:/<post-id>/comments";"Kennt ihr Dr. Stefan Lanka oder Prof. Dr. Heinz Ludwig Sänger?";"2021-02-22T22:22:07+0000";"0";"1";"";"0";"0";"0";"0";"0";"0";"0"
"2";"65";"7";"2936751053280047_2936796409942178";"data";"data.*";"fetched (200)";"2021-03-18 13:45:49.324170";"Facebook:/<post-id>/comments";"Da die meisten Menschen an die Existenz des Corona Virus glauben, stimme ich ihnen insoweit zu, dass das Corona Virus genauso real ist wie HIV.";"2021-02-22T22:25:05+0000";"0";"0";"";"0";"0";"0";"0";"0";"0";"0"
"2";"66";"7";"2936751053280047_2936796866608799";"data";"data.*";"fetched (200)";"2021-03-18 13:45:49.324170";"Facebook:/<post-id>/comments";"Arte hat sich bereits 1996 mit AIDS beschäftigt. Hier kommt der Erfinder von PCR ab 11:30 zu Wort: https://youtu.be/YjiL6K2O0vI";"2021-02-22T22:26:15+0000";"1";"1";"";"1";"1";"0";"0";"0";"0";"0"
"2";"67";"7";"2936751053280047_2936799896608496";"data";"data.*";"fetched (200)";"2021-03-18 13:45:49.324170";"Facebook:/<post-id>/comments";"Kennt ihr diesen Film? https://youtu.be/0dVYJp5dHf8";"2021-02-22T22:34:54+0000";"0";"0";"";"0";"0";"0";"0";"0";"0";"0"
"2";"68";"7";"2936751053280047_2936800029941816";"data";"data.*";"fetched (200)";"2021-03-18 13:45:49.324170";"Facebook:/<post-id>/comments";"Was bedeutet ein positives Testergebnis? https://youtu.be/_q4tbM4acf4";"2021-02-22T22:35:15+0000";"0";"0";"";"0";"0";"0";"0";"0";"0";"0"
"2";"69";"7";"2936751053280047_2936800266608459";"data";"data.*";"fetched (200)";"2021-03-18 13:45:49.324170";"Facebook:/<post-id>/comments";"Gary Null did a lot of research. https://youtu.be/jUMZ-O-OsG0";"2021-02-22T22:35:59+0000";"0";"0";"";"0";"0";"0";"0";"0";"0";"0"
"2";"70";"7";"2936751053280047_2936800519941767";"data";"data.*";"fetched (200)";"2021-03-18 13:45:49.324170";"Facebook:/<post-id>/comments";"Bill Gates hat sich schon im Kampf gegen AIDS engagiert. https://youtu.be/GQVFA38j598";"2021-02-22T22:36:34+0000";"0";"0";"";"0";"0";"0";"0";"0";"0";"0"
"2";"71";"7";"2936751053280047_2936802996608186";"data";"data.*";"fetched (200)";"2021-03-18 13:45:49.324170";"Facebook:/<post-id>/comments";"THE GREATEST MEDICAL FRAUD IN HISTORY - THE PAIN, PROFIT AND POLITICS OF AIDS  https://youtu.be/vT3b_0doyRk";"2021-02-22T22:43:56+0000";"0";"0";"";"0";"0";"0";"0";"0";"0";"0"
"2";"72";"7";"2936751053280047_2936804883274664";"data";"data.*";"fetched (200)";"2021-03-18 13:45:49.324170";"Facebook:/<post-id>/comments";"Der Rainer Füllmich sollte dieses Video eigentlich kennen. https://youtu.be/vaMZ4NyNCwI";"2021-02-22T22:49:09+0000";"0";"0";"";"0";"0";"0";"0";"0";"0";"0"
"2";"73";"7";"2936751053280047_2936806716607814";"data";"data.*";"fetched (200)";"2021-03-18 13:45:49.324170";"Facebook:/<post-id>/comments";"Deconstructing the Myth of AIDS  https://youtu.be/cl6ceSa-1pU";"2021-02-22T22:53:46+0000";"0";"0";"";"0";"0";"0";"0";"0";"0";"0"
"2";"74";"7";"2936751053280047_2936808733274279";"data";"data.*";"fetched (200)";"2021-03-18 13:45:49.324170";"Facebook:/<post-id>/comments";"Rita Süssmuth zu HIV/AIDS: https://youtu.be/m9LioQzIL6g";"2021-02-22T22:56:32+0000";"0";"0";"";"0";"0";"0";"0";"0";"0";"0"
"2";"75";"7";"2936751053280047_2938635749758244";"data";"data.*";"fetched (200)";"2021-03-18 13:45:49.324170";"Facebook:/<post-id>/comments";"Rudi Riedelsheimer Ersteren ja. Wird von uns regelmässig auf Telegram geteilt :)";"2021-02-25T14:38:49+0000";"0";"0";"";"0";"0";"0";"0";"0";"0";"0"
"2";"76";"7";"1378045312483970_2936751053280047";"offcut";"";"fetched (200)";"2021-03-18 13:45:49.324170";"Facebook:/<post-id>/comments";"";"";"";"";"";"";"";"";"";"";"";""
"2";"77";"7";"1378045312483970_2936751053280047";"headers";"";"fetched (200)";"2021-03-18 13:45:49.324170";"Facebook:/<post-id>/comments";"";"";"";"";"";"";"";"";"";"";"";""
"2";"78";"8";"2912564292365390_2912750152346804";"data";"data.*";"fetched (200)";"2021-03-18 13:45:49.710827";"Facebook:/<post-id>/comments";"Jahrhundertlüge,eindeutig!";"2021-01-20T16:53:02+0000";"7";"0";"";"7";"7";"0";"0";"0";"0";"0"
"2";"79";"8";"2912564292365390_2912880129000473";"data";"data.*";"fetched (200)";"2021-03-18 13:45:49.710827";"Facebook:/<post-id>/comments";"AIDS ist die gleiche Lüge wie Covid-19.";"2021-01-20T21:20:45+0000";"2";"2";"";"2";"2";"0";"0";"0";"0";"0"
"2";"80";"8";"2912564292365390_2913112805643872";"data";"data.*";"fetched (200)";"2021-03-18 13:45:49.710827";"Facebook:/<post-id>/comments";"Fabrizio Lüscher und weshalb? Schon Menschen gesehen die daran verstorben sind? Ich schon ich bin palliativ Schwester";"2021-01-21T05:24:34+0000";"0";"0";"";"0";"0";"0";"0";"0";"0";"0"
"2";"81";"8";"2912564292365390_2913120582309761";"data";"data.*";"fetched (200)";"2021-03-18 13:45:49.710827";"Facebook:/<post-id>/comments";"Sneoj Tanja   Ich empfehle Ihnen das Buch von Torsten Engelbrecht und Dr. med. Claus Köhnlein ""Virus-Wahn"" zu lesen. Dort ist alles ausführlich erklärt.   Und wenn Sie nicht lesen möchten empfehle ich Ihnen diesen Vortrag bezüglich AIDS/HIV anzusehen. https://youtu.be/AGUDOcennvw";"2021-01-21T05:43:13+0000";"3";"0";"";"3";"3";"0";"0";"0";"0";"0"
"2";"82";"8";"2912564292365390_2913589555596197";"data";"data.*";"fetched (200)";"2021-03-18 13:45:49.710827";"Facebook:/<post-id>/comments";"Trolle, troolt euch.";"2021-01-21T21:20:13+0000";"0";"0";"";"0";"0";"0";"0";"0";"0";"0"
"2";"83";"8";"2912564292365390_2914469008841585";"data";"data.*";"fetched (200)";"2021-03-18 13:45:49.710827";"Facebook:/<post-id>/comments";"Es geht mal wieder um Viel Geld  was verdient werden kann ,wenn der Mensch (Opfer) sein ganzes leben meine Medikamente kaufen muss um lweiterleben zu können. Die WHO hat nichts mit Gesundheit zu tun , der beste Beweis ist das Problem mit Malaria Medikamente aus der big pharma Industrie vs ein Kraut  namens artemesia was jeder in sein Garten planen kann (ohne Nebenwirkungen und 1000 % wirksam & muss nur einmal getrunken werden ). Ist in Europa und von der WHO verboten . Krebs darf nicht geheilt werden ,deswegen sterben regelmäßig Ärzte die ein Mittel gefunden haben und es der welt zeigen möchte.  Wieso werden nur die supereichen von Aids geheilt ? Magic Johnson usa Basketball Spieler hat kein aids mehr :) könnt ihr alle nachschauen.  Es geht um Viel Kohle und nicht um Gesundheit.  ";"2021-01-23T01:28:31+0000";"1";"0";"";"1";"1";"0";"0";"0";"0";"0"
"2";"84";"8";"2912564292365390_2917394615215691";"data";"data.*";"fetched (200)";"2021-03-18 13:45:49.710827";"Facebook:/<post-id>/comments";"Bei aller grundsätzlichen Sympathie - wir stehen ja auf derselben Seite - ist obiges Thema nun wirklich geeignet, wenn mit dem Tenor behandelt, einen ""Schuß ins Knie"" zu bedeuten, denn die Zusammenhänge HIV und AIDS sind bewiesen. Das ist NUN GANZ EINDEUTIG wissenschaftsfernes Fabulieren.";"2021-01-27T01:59:44+0000";"0";"0";"";"0";"0";"0";"0";"0";"0";"0"
"2";"85";"8";"2912564292365390_2925067217781764";"data";"data.*";"fetched (200)";"2021-03-18 13:45:49.710827";"Facebook:/<post-id>/comments";"https://www.soulsaver.de/blog/prof-dr-ingo-froboese-institut-fuer-bewegungstherapie-rausgehen-wirkt-wie-mini-impfung/";"2021-02-06T16:56:29+0000";"0";"0";"";"0";"0";"0";"0";"0";"0";"0"
"2";"86";"8";"1378045312483970_2912564292365390";"offcut";"";"fetched (200)";"2021-03-18 13:45:49.710827";"Facebook:/<post-id>/comments";"";"";"";"";"";"";"";"";"";"";"";""
"2";"87";"8";"1378045312483970_2912564292365390";"headers";"";"fetched (200)";"2021-03-18 13:45:49.710827";"Facebook:/<post-id>/comments";"";"";"";"";"";"";"";"";"";"";"";""
"2";"88";"9";"2907278412893978_2907280412893778";"data";"data.*";"fetched (200)";"2021-03-18 13:45:50.097344";"Facebook:/<post-id>/comments";"🤮🤮🤮";"2021-01-13T10:51:40+0000";"0";"0";"";"0";"0";"0";"0";"0";"0";"0"
"2";"89";"9";"2907278412893978_2907283369560149";"data";"data.*";"fetched (200)";"2021-03-18 13:45:50.097344";"Facebook:/<post-id>/comments";"🤮🤮😡";"2021-01-13T10:58:28+0000";"0";"1";"";"0";"0";"0";"0";"0";"0";"0"
"2";"90";"9";"2907278412893978_2907283982893421";"data";"data.*";"fetched (200)";"2021-03-18 13:45:50.097344";"Facebook:/<post-id>/comments";"Ich kann mir das Video erst nachher ansehen. Allerdings habe ich seit längerem die Vermutung, daß sich viel zu schnell, und viel zu leichtfertig auf den Irrsinnigen PCR-Test verlassen wird, und überhaupt nicht die vielen Kreuzreaktionen dieses Tests beachtet werden. Dadurch entstehen im Nachgang erhebliche Probleme durch falsche, teils heftig überzogene Behandlungen.";"2021-01-13T11:00:00+0000";"12";"1";"";"12";"12";"0";"0";"0";"0";"0"
"2";"91";"9";"2907278412893978_2907286099559876";"data";"data.*";"fetched (200)";"2021-03-18 13:45:50.097344";"Facebook:/<post-id>/comments";"Gerhard Röhrig ";"2021-01-13T11:04:41+0000";"0";"0";"";"0";"0";"0";"0";"0";"0";"0"
"2";"92";"9";"2907278412893978_2907305962891223";"data";"data.*";"fetched (200)";"2021-03-18 13:45:50.097344";"Facebook:/<post-id>/comments";"Gut zusammengetragen👍 danke für eure Arbeit ❤️";"2021-01-13T11:48:33+0000";"0";"0";"";"1";"0";"0";"1";"0";"0";"0"
"2";"93";"9";"2907278412893978_2907314959556990";"data";"data.*";"fetched (200)";"2021-03-18 13:45:50.097344";"Facebook:/<post-id>/comments";"Micha Va  Rositoll Roswitha";"2021-01-13T12:06:26+0000";"0";"0";"";"0";"0";"0";"0";"0";"0";"0"
"2";"94";"9";"2907278412893978_2907348646220288";"data";"data.*";"fetched (200)";"2021-03-18 13:45:50.097344";"Facebook:/<post-id>/comments";"Die erfinden immer wieder wat Neues , um die Bürger zu verdummen .";"2021-01-13T13:14:15+0000";"2";"2";"";"2";"2";"0";"0";"0";"0";"0"
"2";"95";"9";"2907278412893978_2907367159551770";"data";"data.*";"fetched (200)";"2021-03-18 13:45:50.097344";"Facebook:/<post-id>/comments";"Naja was nützt ein gesunder Mensch der Medizin nix. ";"2021-01-13T13:49:49+0000";"1";"0";"";"1";"1";"0";"0";"0";"0";"0"
"2";"96";"9";"2907278412893978_2908348002787019";"data";"data.*";"fetched (200)";"2021-03-18 13:45:50.097344";"Facebook:/<post-id>/comments";"Rene Thomas ich habs garnicht erst gelesen, habs mir schon gedacht...";"2021-01-14T19:26:45+0000";"0";"0";"";"0";"0";"0";"0";"0";"0";"0"
"2";"97";"9";"2907278412893978_2921326058155880";"data";"data.*";"fetched (200)";"2021-03-18 13:45:50.097344";"Facebook:/<post-id>/comments";"🤦‍♂️ sorry aber Dümmer geht es ja nun wirklich nicht 🤣🤣🤣 erst ein Bericht reinknallen der eh nicht stimmt wenn man aus der Medizin kommt und stellt gleichzeitig ein Artikel rein der genau das Gegenteil beweist herrlich 🤣🤣🤣🤦‍♂️🤣🤣🤣";"2021-02-01T12:50:21+0000";"0";"0";"";"0";"0";"0";"0";"0";"0";"0"
"2";"98";"9";"2907278412893978_2928306600791159";"data";"data.*";"fetched (200)";"2021-03-18 13:45:50.097344";"Facebook:/<post-id>/comments";"DW-Faktencheck: Tote nach Impfung  Auf einmal spielen Vorerkrankungen eine Rolle? Auf einmal weiß man, dass Menschen im hohen Alter an Altersschwäche sterben können?!     Es ist so hirnrissig. Man muss davon ausgehen, dass die Autoren und ""Experten"" wissen müssen, dass das genau diejenigen Gegenargumente sind, die sie selbst erhalten haben, als jeder noch so zusammenhangslose Tote zum ""Coronatoten"" deklariert wurde.   Man darf also von bösartigem, wissentlichen Betrug ausgehen. Dieser wird aufrechterhalten bis zum Gehtnichtmehr, weil sie genau wissen, dass wenn die Masse beginnt zu verstehen, sie sich verantworten müssen. Getrieben von ihren eigenen Lügen.   https://archive.is/QcsEe";"2021-02-11T10:26:17+0000";"1";"0";"";"1";"1";"0";"0";"0";"0";"0"
"2";"99";"9";"2907278412893978_2931292647159221";"data";"data.*";"fetched (200)";"2021-03-18 13:45:50.097344";"Facebook:/<post-id>/comments";"Es gibt keine gesunden Menschen, nur schlechte Ärzte 😉";"2021-02-15T10:20:29+0000";"0";"0";"";"0";"0";"0";"0";"0";"0";"0"
"2";"100";"9";"1378045312483970_2907278412893978";"offcut";"";"fetched (200)";"2021-03-18 13:45:50.097344";"Facebook:/<post-id>/comments";"";"";"";"";"";"";"";"";"";"";"";""
"2";"101";"9";"1378045312483970_2907278412893978";"headers";"";"fetched (200)";"2021-03-18 13:45:50.097344";"Facebook:/<post-id>/comments";"";"";"";"";"";"";"";"";"";"";"";""
"2";"102";"10";"2901874250101061_2902005580087928";"data";"data.*";"fetched (200)";"2021-03-18 13:45:50.516345";"Facebook:/<post-id>/comments";"Die Notwendigkeit ist bei keiner einzigen Impfung gegeben...  Impfungen sind pseudowissenschaftlicher Aberglauben... ";"2021-01-06T16:18:23+0000";"2";"0";"";"2";"2";"0";"0";"0";"0";"0"
"2";"103";"10";"2901874250101061_2902049536750199";"data";"data.*";"fetched (200)";"2021-03-18 13:45:50.516345";"Facebook:/<post-id>/comments";"Niemals lasse ich mich impfen gegen das kunfuvirus";"2021-01-06T17:37:14+0000";"1";"0";"";"1";"1";"0";"0";"0";"0";"0"
"2";"104";"10";"2901874250101061_2902153163406503";"data";"data.*";"fetched (200)";"2021-03-18 13:45:50.516345";"Facebook:/<post-id>/comments";"";"2021-01-06T20:49:44+0000";"0";"0";"";"0";"0";"0";"0";"0";"0";"0"
"2";"105";"10";"2901874250101061_2904280863193733";"data";"data.*";"fetched (200)";"2021-03-18 13:45:50.516345";"Facebook:/<post-id>/comments";"Ist nur blöd, wenn der Hocker gar keine Füsse hat!!🤔🤣";"2021-01-09T12:24:24+0000";"0";"4";"";"1";"0";"1";"0";"0";"0";"0"
"2";"106";"10";"2901874250101061_2904318833189936";"data";"data.*";"fetched (200)";"2021-03-18 13:45:50.516345";"Facebook:/<post-id>/comments";"So ist es! ";"2021-01-09T13:28:24+0000";"0";"0";"";"0";"0";"0";"0";"0";"0";"0"
"2";"107";"10";"2901874250101061_2904339706521182";"data";"data.*";"fetched (200)";"2021-03-18 13:45:50.516345";"Facebook:/<post-id>/comments";"Raphael Zimmerli";"2021-01-09T14:09:23+0000";"0";"0";"";"0";"0";"0";"0";"0";"0";"0"
"2";"108";"10";"2901874250101061_2907279146227238";"data";"data.*";"fetched (200)";"2021-03-18 13:45:50.516345";"Facebook:/<post-id>/comments";"Absolut richtig. Im Fall Corona-Impfung ist er nur noch ein Küchenbrett.";"2021-01-13T10:48:48+0000";"0";"0";"";"0";"0";"0";"0";"0";"0";"0"
"2";"109";"10";"2901874250101061_2907284772893342";"data";"data.*";"fetched (200)";"2021-03-18 13:45:50.516345";"Facebook:/<post-id>/comments";"Bei allen Impfungen 😉";"2021-01-13T11:01:47+0000";"1";"0";"";"1";"1";"0";"0";"0";"0";"0"
"2";"110";"10";"2901874250101061_2907285099559976";"data";"data.*";"fetched (200)";"2021-03-18 13:45:50.516345";"Facebook:/<post-id>/comments";"https://youtu.be/ai-OZl2-SO0";"2021-01-13T11:02:37+0000";"0";"0";"";"0";"0";"0";"0";"0";"0";"0"
"2";"111";"10";"1378045312483970_2901874250101061";"offcut";"";"fetched (200)";"2021-03-18 13:45:50.516345";"Facebook:/<post-id>/comments";"";"";"";"";"";"";"";"";"";"";"";""
"2";"112";"10";"1378045312483970_2901874250101061";"headers";"";"fetched (200)";"2021-03-18 13:45:50.516345";"Facebook:/<post-id>/comments";"";"";"";"";"";"";"";"";"";"";"";""
"2";"113";"11";"1378045312483970_2883868141901672";"empty";"";"fetched (200)";"2021-03-18 13:45:50.805375";"Facebook:/<post-id>/comments";"";"";"";"";"";"";"";"";"";"";"";""
"2";"114";"11";"1378045312483970_2883868141901672";"headers";"";"fetched (200)";"2021-03-18 13:45:50.805375";"Facebook:/<post-id>/comments";"";"";"";"";"";"";"";"";"";"";"";""
"2";"115";"12";"2877293345892485_2877302245891595";"data";"data.*";"fetched (200)";"2021-03-18 13:45:51.156375";"Facebook:/<post-id>/comments";"China Town sagt doch schon alles aus!";"2020-12-07T15:04:49+0000";"1";"0";"";"1";"1";"0";"0";"0";"0";"0"
"2";"116";"12";"2877293345892485_2877340342554452";"data";"data.*";"fetched (200)";"2021-03-18 13:45:51.156375";"Facebook:/<post-id>/comments";"Chinesen, Iren und Italiener, alles keine Idoten........";"2020-12-07T16:08:00+0000";"1";"0";"";"1";"1";"0";"0";"0";"0";"0"
"2";"117";"12";"2877293345892485_2877348765886943";"data";"data.*";"fetched (200)";"2021-03-18 13:45:51.156375";"Facebook:/<post-id>/comments";"Die Redaktion scheint gutes Stöffchen parat zu haben! ";"2020-12-07T16:24:04+0000";"0";"0";"";"0";"0";"0";"0";"0";"0";"0"
"2";"118";"12";"2877293345892485_2877437272544759";"data";"data.*";"fetched (200)";"2021-03-18 13:45:51.156375";"Facebook:/<post-id>/comments";"BLM sind die reinsten Rassisten. Die hetzen die Menschen gegeneinander auf. Wer glaubt das sind die Guten, der sollte sich mal anhören, was die so von sich geben";"2020-12-07T18:47:55+0000";"3";"0";"";"3";"3";"0";"0";"0";"0";"0"
"2";"119";"12";"2877293345892485_2877441719210981";"data";"data.*";"fetched (200)";"2021-03-18 13:45:51.156375";"Facebook:/<post-id>/comments";"Auf der nördlichen Halbkugel ist es im Winter saukalt und es gibt nichts zu essen. Über Jahrtausende konnten nur die Menschen ihre Gene weitergeben, die schlau genug waren, Vorräte anzulegen und sich ein Dach über den Kopf zu schaffen. Alle anderen sind erfroren, oder sind verhungert. Am Anfang war die Lehmhütte und der Beginn der Landwirtschaft. Am Ende stand die Industrialisierung.  Das kann man nun rassistisch nennen, wie man will, aber das ist das ganze Geheimnis der Vorherrschaft der Nordhalbkugelbewohner.";"2020-12-07T18:54:03+0000";"5";"0";"";"5";"5";"0";"0";"0";"0";"0"
"2";"120";"12";"2877293345892485_2877445452543941";"data";"data.*";"fetched (200)";"2021-03-18 13:45:51.156375";"Facebook:/<post-id>/comments";"Ein Ghetto hat für mich in erster Linie nichts mit der Kultur und Herkubft von Menschen zu tun, sondern damit, wie die Menschen in ihren Bezirken leben, wie sich die betreffende Straßen präsentieren. Heruntetgekommen, verwahrlost, vermüllt/verdreckt, unfreundlich bis hochgradig Aggressiv anderen Menschen gegenüber, sowas ist für mich ein Ghetto. Und das findet man in allen Kulturen dieses Planeten. In einigen mehr, in anderen etwas weniger. Ist aber durchaus klar, mit immer neuen, immer hirnverbranteren Aussagen muss irgendwie versucht werden, das Narrativ des Superrassissmus zu bedienen... dieser Irrsinn ist einfach nur noch nervig.";"2020-12-07T19:01:59+0000";"6";"0";"";"6";"6";"0";"0";"0";"0";"0"
"2";"121";"12";"2877293345892485_2877608392527647";"data";"data.*";"fetched (200)";"2021-03-18 13:45:51.156375";"Facebook:/<post-id>/comments";"Weiß nicht, ob ich der einzige bin mit Problemen, aber ich kann seit Wochen keine Ausgabe mehr kaufen. Ich bekomme jedes mal, wenn ich den Warenkorb öffnen möchte einen ""HTTP 500""-Fehler. Bisher kam keine Antwort vom Support und ich würde echt gerne weitere Ausgaben kaufen können.";"2020-12-08T00:06:26+0000";"0";"2";"";"0";"0";"0";"0";"0";"0";"0"
"2";"122";"12";"2877293345892485_2877776049177548";"data";"data.*";"fetched (200)";"2021-03-18 13:45:51.156375";"Facebook:/<post-id>/comments";"Eine gute Frage..?";"2020-12-08T04:48:49+0000";"0";"0";"";"0";"0";"0";"0";"0";"0";"0"
"2";"123";"12";"2877293345892485_2878009905820829";"data";"data.*";"fetched (200)";"2021-03-18 13:45:51.156375";"Facebook:/<post-id>/comments";"Der Erfolg der Asian - Americans zeigt deutlich, dass nicht die angebliche ""Weisse Überlegenheit"" das Problem der schwarzen Bevölkerung ist. Beide Bevölkerungsgruppen hatten die gleichen Ausgangsvoraussetzungen.  ";"2020-12-08T11:32:33+0000";"2";"0";"";"2";"2";"0";"0";"0";"0";"0"
"2";"124";"12";"2877293345892485_2878119965809823";"data";"data.*";"fetched (200)";"2021-03-18 13:45:51.156375";"Facebook:/<post-id>/comments";"Philipp Schweizer Bitte statt Paypal, Vorkasse wählen. https://www.expresszeitung.com/faq";"2020-12-08T14:20:20+0000";"0";"0";"";"0";"0";"0";"0";"0";"0";"0"
"2";"125";"12";"2877293345892485_2878273285794491";"data";"data.*";"fetched (200)";"2021-03-18 13:45:51.156375";"Facebook:/<post-id>/comments";"Josip Ružić Raphael Zimmerli Das isch alles weg dem Phöse Rassismus";"2020-12-08T18:02:27+0000";"0";"0";"";"0";"0";"0";"0";"0";"0";"0"
"2";"126";"12";"2877293345892485_2882224895399330";"data";"data.*";"fetched (200)";"2021-03-18 13:45:51.156375";"Facebook:/<post-id>/comments";"Das würde ich echt super gerne tun, aber ich kann nicht mal auf meinen Account zugreifen. ";"2020-12-13T13:30:53+0000";"0";"0";"";"0";"0";"0";"0";"0";"0";"0"
"2";"127";"12";"1378045312483970_2877293345892485";"offcut";"";"fetched (200)";"2021-03-18 13:45:51.156375";"Facebook:/<post-id>/comments";"";"";"";"";"";"";"";"";"";"";"";""
"2";"128";"12";"1378045312483970_2877293345892485";"headers";"";"fetched (200)";"2021-03-18 13:45:51.156375";"Facebook:/<post-id>/comments";"";"";"";"";"";"";"";"";"";"";"";""
"2";"129";"13";"2875482452740241_2875509299404223";"data";"data.*";"fetched (200)";"2021-03-18 13:45:51.570192";"Facebook:/<post-id>/comments";"Man sollte den Typen ihr gesamtes Vermögen abnehmen und für humanitäre Zwecke einsetzen. Dann können sie nicht mehr manipulieren und Intrigieren.";"2020-12-05T09:47:58+0000";"18";"3";"";"19";"18";"1";"0";"0";"0";"0"
"2";"130";"13";"2875482452740241_2875536986068121";"data";"data.*";"fetched (200)";"2021-03-18 13:45:51.570192";"Facebook:/<post-id>/comments";"Wenn man dieses Foto betrachtet, ist alles gesprochen und Kleber, und Slomka  auch vertreten unglaublich Alle gehören absofort in die Wüste gejagt 🤮🤮🤬🤬";"2020-12-05T10:39:56+0000";"4";"0";"";"4";"4";"0";"0";"0";"0";"0"
"2";"131";"13";"2875482452740241_2875539516067868";"data";"data.*";"fetched (200)";"2021-03-18 13:45:51.570192";"Facebook:/<post-id>/comments";"Herr Rothschild könnte mit seinem Vermögen die ganze Weltbevölkerung ernähren.";"2020-12-05T10:45:12+0000";"5";"0";"";"5";"5";"0";"0";"0";"0";"0"
"2";"132";"13";"2875482452740241_2875766866045133";"data";"data.*";"fetched (200)";"2021-03-18 13:45:51.570192";"Facebook:/<post-id>/comments";"Sandra Furrer dann wird es Zeit für.........";"2020-12-05T16:28:11+0000";"2";"0";"";"2";"2";"0";"0";"0";"0";"0"
"2";"133";"13";"2875482452740241_2877860655835754";"data";"data.*";"fetched (200)";"2021-03-18 13:45:51.570192";"Facebook:/<post-id>/comments";"Nicht nur das, in Frankreich 1789 hatten sie ein sehr effektives Instrument für solches Gesindel.";"2020-12-08T07:51:48+0000";"1";"0";"";"1";"1";"0";"0";"0";"0";"0"
"2";"134";"13";"1378045312483970_2875482452740241";"offcut";"";"fetched (200)";"2021-03-18 13:45:51.570192";"Facebook:/<post-id>/comments";"";"";"";"";"";"";"";"";"";"";"";""
"2";"135";"13";"1378045312483970_2875482452740241";"headers";"";"fetched (200)";"2021-03-18 13:45:51.570192";"Facebook:/<post-id>/comments";"";"";"";"";"";"";"";"";"";"";"";""
"2";"136";"14";"1378045312483970_2873161676305652";"empty";"";"fetched (200)";"2021-03-18 13:45:51.846204";"Facebook:/<post-id>/comments";"";"";"";"";"";"";"";"";"";"";"";""
"2";"137";"14";"1378045312483970_2873161676305652";"headers";"";"fetched (200)";"2021-03-18 13:45:51.846204";"Facebook:/<post-id>/comments";"";"";"";"";"";"";"";"";"";"";"";""
"2";"138";"15";"2873155596306260_2873349789620174";"data";"data.*";"fetched (200)";"2021-03-18 13:45:52.192781";"Facebook:/<post-id>/comments";"Eso geht das wohl'wollendst  ?  🥶🥶🥶🥶🥶🥶🥶🥶🥶🥶🥶🥶🥶🥶🥶🥶";"2020-12-02T18:14:23+0000";"0";"0";"";"0";"0";"0";"0";"0";"0";"0"
"2";"139";"15";"1378045312483970_2873155756306244";"offcut";"";"fetched (200)";"2021-03-18 13:45:52.192781";"Facebook:/<post-id>/comments";"";"";"";"";"";"";"";"";"";"";"";""
"2";"140";"15";"1378045312483970_2873155756306244";"headers";"";"fetched (200)";"2021-03-18 13:45:52.192781";"Facebook:/<post-id>/comments";"";"";"";"";"";"";"";"";"";"";"";""
"2";"141";"16";"2873153429639810_2873193326302487";"data";"data.*";"fetched (200)";"2021-03-18 13:45:52.556791";"Facebook:/<post-id>/comments";"Wild Wild West.. Divide et Imperia..";"2020-12-02T13:55:24+0000";"0";"0";"";"0";"0";"0";"0";"0";"0";"0"
"2";"142";"16";"2873153429639810_2873223162966170";"data";"data.*";"fetched (200)";"2021-03-18 13:45:52.556791";"Facebook:/<post-id>/comments";"Super freue mich drauf es zu lesen! Die beste Zeitschrift die ich kenne!!";"2020-12-02T14:43:04+0000";"2";"0";"";"2";"2";"0";"0";"0";"0";"0"
"2";"143";"16";"2873153429639810_2873298179625335";"data";"data.*";"fetched (200)";"2021-03-18 13:45:52.556791";"Facebook:/<post-id>/comments";"Wenn man über die Rassengleichheit und die Bürgerrechte nachdenkt, welche politische Partei kommt einem da in den Sinn? Die Republikaner? Oder die Demokraten? Die meisten Menschen würden wahrscheinlich die Demokraten sagen. Aber diese Antwort ist falsch. Seit ihrer Gründung im Jahre 1829 hat die Demokratische Partei gegen jede größere Bürgerrechtsinitiative gekämpft und kann auf eine lange Geschichte der Diskriminierung zurückblicken. Die Demokratische Partei verteidigte die Sklaverei, begann den Bürgerkrieg, lehnte den Wiederaufbau ab, gründete den Ku-Klux-Klan, verhängte die Rassentrennung, verübte Lynchmorde und kämpfte gegen die Bürgerrechtsgesetze der 1950er und 1960er Jahre.  https://www.bitchute.com/video/LGTW2rsErZh2/?fbclid=IwAR04Euv9l5Awn8AyK_ClUfhKWFqxVi5CoJyYXJasQJYUCAGbVUP6WANi3-c";"2020-12-02T16:47:08+0000";"5";"0";"";"5";"5";"0";"0";"0";"0";"0"
"2";"144";"16";"2873153429639810_2873337766288043";"data";"data.*";"fetched (200)";"2021-03-18 13:45:52.556791";"Facebook:/<post-id>/comments";"Die Afrikaner und Arabische leuten waren die erste Sklavenhändler Die Afrikaner voran ksn msn in Geschichtsbücher nachschlagen.";"2020-12-02T17:52:12+0000";"2";"0";"";"2";"2";"0";"0";"0";"0";"0"
"2";"145";"16";"2873153429639810_2878045329150620";"data";"data.*";"fetched (200)";"2021-03-18 13:45:52.556791";"Facebook:/<post-id>/comments";"Putin wäre stolz auf euch nützliche Idioten.";"2020-12-08T12:36:05+0000";"0";"0";"";"0";"0";"0";"0";"0";"0";"0"
"2";"146";"16";"2873153429639810_2900890756866077";"data";"data.*";"fetched (200)";"2021-03-18 13:45:52.556791";"Facebook:/<post-id>/comments";"interessant diese Thematik in Bezug auf den Kommunismus!";"2021-01-05T12:52:24+0000";"0";"0";"";"0";"0";"0";"0";"0";"0";"0"
"2";"147";"16";"1378045312483970_2873153429639810";"offcut";"";"fetched (200)";"2021-03-18 13:45:52.556791";"Facebook:/<post-id>/comments";"";"";"";"";"";"";"";"";"";"";"";""
"2";"148";"16";"1378045312483970_2873153429639810";"headers";"";"fetched (200)";"2021-03-18 13:45:52.556791";"Facebook:/<post-id>/comments";"";"";"";"";"";"";"";"";"";"";"";""
"2";"149";"17";"2861127017509118_2866236643664822";"data";"data.*";"fetched (200)";"2021-03-18 13:45:52.940337";"Facebook:/<post-id>/comments";"Schaut mal was die Kronen Zeitung schreibt!!!  „Wenn wir den „großen Reset“ nicht wollen, müssen wir jene Politiker austauschen, die ihn herbeiführen. Wir haben die Wahl. Politiker sind nicht unsere Chefs – sie sind unsere Angestellten.“ ICH BIN PAFF!!!  https://epaper.krone.at/article.act?share_token=eyJhbGciOiJIUzI1NiJ9.eyJleHAiOjE2Mzc1NDM5ODksImlzc3VlSWQiOjc4NTc2NywibmV3c0l0ZW1JZCI6NzIxMjc1MzJ9.Efk0puZ6ZXZg-7bTaXdjxYW-Hsq4okrpz601zjfdawA";"2020-11-24T09:17:48+0000";"1";"0";"";"2";"1";"0";"0";"1";"0";"0"
"2";"150";"17";"1378045312483970_2861127017509118";"offcut";"";"fetched (200)";"2021-03-18 13:45:52.940337";"Facebook:/<post-id>/comments";"";"";"";"";"";"";"";"";"";"";"";""
"2";"151";"17";"1378045312483970_2861127017509118";"headers";"";"fetched (200)";"2021-03-18 13:45:52.940337";"Facebook:/<post-id>/comments";"";"";"";"";"";"";"";"";"";"";"";""
"2";"152";"18";"2860457320909421_2860481674240319";"data";"data.*";"fetched (200)";"2021-03-18 13:45:53.298339";"Facebook:/<post-id>/comments";"Das Video bzw der Vortrag ist wie eine handlungsstrategie für die mommunisten so gut ist das vorhergesehen von griffin sehr schlauer vorausschauender mann";"2020-11-17T16:02:55+0000";"1";"0";"";"1";"1";"0";"0";"0";"0";"0"
"2";"153";"18";"1378045312483970_2860457320909421";"offcut";"";"fetched (200)";"2021-03-18 13:45:53.298339";"Facebook:/<post-id>/comments";"";"";"";"";"";"";"";"";"";"";"";""
"2";"154";"18";"1378045312483970_2860457320909421";"headers";"";"fetched (200)";"2021-03-18 13:45:53.298339";"Facebook:/<post-id>/comments";"";"";"";"";"";"";"";"";"";"";"";""
"2";"155";"19";"2858606481094505_2858647464423740";"data";"data.*";"fetched (200)";"2021-03-18 13:45:53.665350";"Facebook:/<post-id>/comments";"Vor was haben Sie alle Angst wenn es diesen Killer Virus wirklich gibt müssen die da oben sich doch keine Sorgen machen und Videos sperren... Irgendwo passt da was nicht zusammen";"2020-11-15T17:29:26+0000";"2";"0";"";"2";"2";"0";"0";"0";"0";"0"
"2";"156";"19";"1378045312483970_2858606481094505";"offcut";"";"fetched (200)";"2021-03-18 13:45:53.665350";"Facebook:/<post-id>/comments";"";"";"";"";"";"";"";"";"";"";"";""
"2";"157";"19";"1378045312483970_2858606481094505";"headers";"";"fetched (200)";"2021-03-18 13:45:53.665350";"Facebook:/<post-id>/comments";"";"";"";"";"";"";"";"";"";"";"";""
"2";"158";"20";"2847907012164452_2847916155496871";"data";"data.*";"fetched (200)";"2021-03-18 13:45:54.014349";"Facebook:/<post-id>/comments";"Die slowakische  Präsidentin Caputova beginnt  gerade Volker  Mord!  Sie und ihre  Regierung  müssen gestoppt werden!";"2020-11-04T17:19:17+0000";"34";"2";"";"38";"34";"1";"2";"1";"0";"0"
"2";"159";"20";"2847907012164452_2847930352162118";"data";"data.*";"fetched (200)";"2021-03-18 13:45:54.014349";"Facebook:/<post-id>/comments";"😂😂😂😂😂😂😂😂😂😂😂😂😂";"2020-11-04T17:39:51+0000";"0";"1";"";"0";"0";"0";"0";"0";"0";"0"
"2";"160";"20";"2847907012164452_2847950958826724";"data";"data.*";"fetched (200)";"2021-03-18 13:45:54.014349";"Facebook:/<post-id>/comments";"Wahnsinnig 🤦‍♀️";"2020-11-04T18:08:08+0000";"4";"1";"";"4";"4";"0";"0";"0";"0";"0"
"2";"161";"20";"2847907012164452_2847951662159987";"data";"data.*";"fetched (200)";"2021-03-18 13:45:54.014349";"Facebook:/<post-id>/comments";"Wo sind wir da alle nur reingeraden????? Es ist der Wahnsinn.....";"2020-11-04T18:09:19+0000";"110";"17";"";"117";"110";"3";"1";"0";"2";"1"
"2";"162";"20";"2847907012164452_2847966375491849";"data";"data.*";"fetched (200)";"2021-03-18 13:45:54.014349";"Facebook:/<post-id>/comments";"Habe ich ja doch recht Adolf Hitler  Lässt grüßen......";"2020-11-04T18:30:55+0000";"1";"0";"";"2";"1";"0";"1";"0";"0";"0"
"2";"163";"20";"2847907012164452_2847968522158301";"data";"data.*";"fetched (200)";"2021-03-18 13:45:54.014349";"Facebook:/<post-id>/comments";"Jörg Uhlig das ist der Wahnsinn des Deep State, hier geht es um Macht und Kontrolle, aber definitiv nicht um die Gesundheit der Bevölkerung. ";"2020-11-04T18:34:27+0000";"33";"0";"";"41";"33";"6";"1";"0";"0";"1"
"2";"164";"20";"2847907012164452_2847968942158259";"data";"data.*";"fetched (200)";"2021-03-18 13:45:54.014349";"Facebook:/<post-id>/comments";"Dann hungere ich ich lass mich nicht erpressen von keinem Politiker von keinem Experten und von keinem Land! Lieber sterbe ich! Weil so fängt es an und so mit verlieren wir unsere Freiheit! Hoffe das es hier nicht so weit kommt weil dann bin ich der erste mit einer Waffe in der Hand der seine Freiheit verteidigt";"2020-11-04T18:35:17+0000";"26";"3";"";"30";"26";"2";"2";"0";"0";"0"
"2";"165";"20";"2847907012164452_2847969175491569";"data";"data.*";"fetched (200)";"2021-03-18 13:45:54.014349";"Facebook:/<post-id>/comments";"Tatjana Zöllner  Wie wahr....";"2020-11-04T18:35:44+0000";"2";"0";"";"2";"2";"0";"0";"0";"0";"0"
"2";"166";"20";"2847907012164452_2847969605491526";"data";"data.*";"fetched (200)";"2021-03-18 13:45:54.014349";"Facebook:/<post-id>/comments";"Und die USA wählen freiwillig ihren eigenen Henker Biden, der ganz tief mit in diesem Verbrechersumpf steckt, ich versteh diese Welt absolut nicht mehr.";"2020-11-04T18:36:20+0000";"4";"0";"";"4";"4";"0";"0";"0";"0";"0"
"2";"167";"20";"2847907012164452_2847970128824807";"data";"data.*";"fetched (200)";"2021-03-18 13:45:54.014349";"Facebook:/<post-id>/comments";"Das sagt doch alles kostenlos PCR Tests war hier Deutschland auch und Was ist jetzt die denken auch man ist blöd";"2020-11-04T18:37:08+0000";"13";"0";"";"14";"13";"0";"1";"0";"0";"0"
"2";"168";"20";"2847907012164452_2847973335491153";"data";"data.*";"fetched (200)";"2021-03-18 13:45:54.014349";"Facebook:/<post-id>/comments";"Dann wäre es sinnvoller Antikörpertests durchzuführen wenn schon Alle getestet werden.Dann kann man die Immunität des Einzelnen ermitteln und hat eine genaue statistische Ermittlung . Ansonsten sind es nur positiv Getestete, was nur die Zahlen aufwärts treibt.";"2020-11-04T18:41:59+0000";"174";"46";"";"185";"174";"3";"7";"0";"0";"1"
"2";"169";"20";"2847907012164452_2847973585491128";"data";"data.*";"fetched (200)";"2021-03-18 13:45:54.014349";"Facebook:/<post-id>/comments";"Der verrücktheit sind keine grenzen gesetzt unfassbar";"2020-11-04T18:42:18+0000";"255";"3";"";"263";"255";"4";"0";"0";"3";"1"
"2";"170";"20";"2847907012164452_2847976325490854";"data";"data.*";"fetched (200)";"2021-03-18 13:45:54.014349";"Facebook:/<post-id>/comments";"Schaut Mal bei YouTube nach : Bernie Australien, oder schaut nach Nico DaVinci.  Überall wird Militär eingesetzt, in Polen, Slowakei und sich bei uns  In Österreich, nachdem die Coronamassnahmen gekippt wurden vom Gericht, gab es Zack einen sog. Terroranschlag und Militär wird eingesetzt! 😏Merkelt Mal was!";"2020-11-04T18:45:52+0000";"8";"2";"";"8";"8";"0";"0";"0";"0";"0"
"2";"171";"20";"2847907012164452_2847978555490631";"data";"data.*";"fetched (200)";"2021-03-18 13:45:54.014349";"Facebook:/<post-id>/comments";"Und die testen auch kleine Kinder";"2020-11-04T18:49:33+0000";"11";"13";"";"14";"11";"0";"1";"0";"1";"1"
"2";"172";"20";"2847907012164452_2847979665490520";"data";"data.*";"fetched (200)";"2021-03-18 13:45:54.014349";"Facebook:/<post-id>/comments";"Tatjana Zöllner  Ich weiß das ja, aber es ist so unreal......, das wir so einfach überrumpelt werden können und fast keine Möglichkeiten haben uns gerichtlich zu wehren. Und unsere Regierung hält sich an nichts, ist brutal, lügt, verkauft uns und setzt ihren wahnwitzigen Plan, Punkt für Punkt durch und die meisten Leute merken das noch nicht einmal.......es tut einfach nur weh und auf der anderen Seite entwickelt sich Hass, das die einem dein Leben zerstören wollen.";"2020-11-04T18:51:41+0000";"11";"0";"";"13";"11";"2";"0";"0";"0";"0"
"2";"173";"20";"2847907012164452_2847980755490411";"data";"data.*";"fetched (200)";"2021-03-18 13:45:54.014349";"Facebook:/<post-id>/comments";"";"2020-11-04T18:53:31+0000";"0";"0";"";"0";"0";"0";"0";"0";"0";"0"
"2";"174";"20";"2847907012164452_2847984165490070";"data";"data.*";"fetched (200)";"2021-03-18 13:45:54.014349";"Facebook:/<post-id>/comments";"Anna Anders stimmt das ist so gewollt  ich hoffe die schmorren in der Hölle alle";"2020-11-04T19:00:12+0000";"2";"0";"";"2";"2";"0";"0";"0";"0";"0"
"2";"175";"20";"2847907012164452_2847986278823192";"data";"data.*";"fetched (200)";"2021-03-18 13:45:54.014349";"Facebook:/<post-id>/comments";"Renate Feldhaus die lassen sich alle vor den Karren spannen 😡";"2020-11-04T19:03:21+0000";"1";"0";"";"1";"1";"0";"0";"0";"0";"0"
"2";"176";"20";"2847907012164452_2847987232156430";"data";"data.*";"fetched (200)";"2021-03-18 13:45:54.014349";"Facebook:/<post-id>/comments";"Das kommt bei uns auch";"2020-11-04T19:04:11+0000";"1";"0";"";"1";"1";"0";"0";"0";"0";"0"
"2";"177";"20";"2847907012164452_2847987415489745";"data";"data.*";"fetched (200)";"2021-03-18 13:45:54.014349";"Facebook:/<post-id>/comments";"Warum wohl sollen alle getestet werden und was verbirgt sich hinter den Tests?";"2020-11-04T19:04:28+0000";"7";"7";"";"7";"7";"0";"0";"0";"0";"0"
"2";"178";"20";"2847907012164452_2847987875489699";"data";"data.*";"fetched (200)";"2021-03-18 13:45:54.014349";"Facebook:/<post-id>/comments";"Hm....warum will man eigentlich so viel testen oder impfen 🤔 ich versteh es nicht kann mich jemand aufklären ?";"2020-11-04T19:05:07+0000";"1";"11";"";"1";"1";"0";"0";"0";"0";"0"
"2";"179";"20";"2847907012164452_2847995945488892";"data";"data.*";"fetched (200)";"2021-03-18 13:45:54.014349";"Facebook:/<post-id>/comments";"Susanne Klukas Um uns zu dezimieren.";"2020-11-04T19:19:35+0000";"0";"0";"";"1";"0";"0";"1";"0";"0";"0"
"2";"180";"20";"2847907012164452_2847997248822095";"data";"data.*";"fetched (200)";"2021-03-18 13:45:54.014349";"Facebook:/<post-id>/comments";"Jörg Uhlig Wenn endlich alle es durchschauen und zusammenstehen und sich rigoros verweigern.";"2020-11-04T19:21:50+0000";"4";"0";"";"5";"4";"1";"0";"0";"0";"0"
"2";"181";"20";"2847907012164452_2847997532155400";"data";"data.*";"fetched (200)";"2021-03-18 13:45:54.014349";"Facebook:/<post-id>/comments";"";"2020-11-04T19:22:22+0000";"0";"0";"";"0";"0";"0";"0";"0";"0";"0"
"2";"182";"20";"2847907012164452_2847999482155205";"data";"data.*";"fetched (200)";"2021-03-18 13:45:54.014349";"Facebook:/<post-id>/comments";"Wenn die Hirn und Eierlose Polizei es auch kapieren würde und sich ein Herz fassen und sich auf die Seite der Bürger stellen würde, könnten sie ihre teuflischen Pläne vergessen.";"2020-11-04T19:25:41+0000";"116";"8";"";"126";"116";"9";"1";"0";"0";"0"
"2";"183";"20";"1378045312483970_2847907012164452";"offcut";"";"fetched (200)";"2021-03-18 13:45:54.014349";"Facebook:/<post-id>/comments";"";"";"";"";"";"";"";"";"";"";"";""
"2";"184";"20";"1378045312483970_2847907012164452";"headers";"";"fetched (200)";"2021-03-18 13:45:54.014349";"Facebook:/<post-id>/comments";"";"";"";"";"";"";"";"";"";"";"";""
"2";"185";"21";"2842121876076299_2842259972729156";"data";"data.*";"fetched (200)";"2021-03-18 13:45:54.484351";"Facebook:/<post-id>/comments";"Vor ca. 15 Jahren gab  es doch die Vogelgrippe. https://www.gandhi-auftrag.de/faktuell-2006-03-06-lanka.mp3";"2020-10-29T22:19:04+0000";"0";"1";"";"0";"0";"0";"0";"0";"0";"0"
"2";"186";"21";"2842121876076299_2842548176033669";"data";"data.*";"fetched (200)";"2021-03-18 13:45:54.484351";"Facebook:/<post-id>/comments";"Hallo Deutsche Regierung  Diese Zahlen hätte ich gerne von Euch. Die wahren Zahlen . Und dann sucht nach einer realen Lösung gegen einen Virus der sich wie ein Grippevirus anfühlt.";"2020-10-30T06:16:19+0000";"52";"4";"";"53";"52";"0";"0";"0";"0";"1"
"2";"187";"21";"2842121876076299_2842550192700134";"data";"data.*";"fetched (200)";"2021-03-18 13:45:54.484351";"Facebook:/<post-id>/comments";"Und so ist es auch bei uns...lächerlich diese Regierung";"2020-10-30T06:20:19+0000";"1";"0";"";"1";"1";"0";"0";"0";"0";"0"
"2";"188";"21";"2842121876076299_2842553972699756";"data";"data.*";"fetched (200)";"2021-03-18 13:45:54.484351";"Facebook:/<post-id>/comments";"Bitte stellen sie den Link dieser Tabelle ein, möchte diese täglich überprüfen um mich nicht weiter verarschen zu lassen, vielen Dank fürs Augen öffnen";"2020-10-30T06:27:48+0000";"5";"0";"";"6";"5";"0";"1";"0";"0";"0"
"2";"189";"21";"2842121876076299_2842554642699689";"data";"data.*";"fetched (200)";"2021-03-18 13:45:54.484351";"Facebook:/<post-id>/comments";"Eines wird in Corona Zeiten - rein psychologisch betrachtet, recht deutlich.  Und beantwortet auch die Fragen aus unserer Geschichte .."" wie konnte es damals, um 1930, soweit kommen, dass so viele Menschen einem - nennen wir Ihn Politiker, gehorsam folgten. Scheinbar jegliche eigene Meinung , Zweifel , Denke  über Bord warfen?  Die Antwort ist einfach .. Angst, Panik, denunzieren und Hysterie !!!!!!  Ist diese nur groß genug, sei es nun die Gesundheit , Enteignung, Existenz , Zukunft , Hunger - dann folgen Menschen. Sie folgen & sind bereit große und elementare Bereiche Ihrer Rechte , aber auch Ihrer Werte und eigentlichen Verhaltensmuster ohne kritisch zu sein abzugeben. Dazu alleine reicht Angst völlig aus...natürlich rein psychologisch betrachtet.  Und heute im Jahre 2020 , tut der Mensch es wieder. Er war und bleibt so - schaut Euch an , schaut Euch um. Man kann sich selbst nicht ausschließen .. Herdenzwang , Panik , Angst, zwangsmassnahmen die auf Verordnungen basieren und nicht durch Gesetze durch den Bundestag geregelt wurden ..möglichst 24 Std am Tag mediale berieselung, Panik, Zahlen in keinem Verhältnis, Tests die nicht für Diagnosen zugelassen sind, verdreifachen von Tests, um die Panik weiter am laufen zu halten...Und das über Monate in dauerschleife. Mittlerweile gehen Städte so weit, dass man Mitmenschen anschwärzen kann...Geht es eigentlich noch.... Das ganze nimmt mittlerweile Gestalt an, die stark an die Zeit um 1930 erinnert. Liebe Mitmenschen, seid euch bewusst, dass das im 3 Reich nicht anders war und da waren es auch die blinden und schlaf schafe die angeblich von nichts wussten oder wissen wollten.... Nicht hinterfragt haben und nicht selbstständig gedacht haben. Habt ihr bis heute nichts dazu gelernt 🤔. Es gibt mehr als einen Virologen und es gibt mehr als aktuelle politiker die in ihrem Handeln und tun nicht unabhängig agieren. Heute ist es viel schneller & einfacher möglich als je zu vor Menschen in Panik zu versetzen und zu kontrollieren via mainstream Medien wie TV, Radio, Internet, warnapps etc..  Wie konnte es soweit kommen ?? Warum sind heute und waren damals so wenig kritisch , geht man bei der Frage ca 80 Jahre zurück, weiß man das Kritiker , Patrioten, Zweifler oder Menschen die trotz eigener Angst Dinge hinterfragten & an zweifelten, Mund tot  gemacht wurden. Man ging Sie an ..es tat die Politik , die Exekutive , der Nachbar , Bekannte , der vermeintliche Freund.  Und was passiert heute ? Es passiert wieder ! Man denunziert , fährt Menschen übers Maul, die im Grunde die gleiche Angst verspüren - aber eben kritisch sachlich bleiben.  Freilich ...man kann inhaltlich die Zeiten & Situationen nicht direkt vergleichen... Oder vllt doch,  aber das Verhalten von Menschen unter Panik & Angst und nicht freier Berichterstattung ist und bleibt das gleiche.  Auch der Ausgang und das weitere Leben nach Krisen und auch dieser ist ungewiss. Es wurde vom rki die Bedeutung Pandemie geändert und somit kann man auch in Zukunft bei jedem neuen vermeintlichen Virus genau dieses Spiel wieder beginnen. Fragt euch einfach mal warum es untersagt wurde tote zu obduzieren.... Merkt ihr eigentlich überhaupt nichts mehr 🤔. In der Medizin ist und wird es immer so sein, dass wir von den Toten lernen.... Also warum verbietet das rki dieses.... Genau weil man vllt festellt, wie ein Herr Püschel, dass niemand an sondern nur im dümmsten Fall vllt mit vorerkrankungen und in Verbindung mit dem Virus verstorben ist. Komisch ist ebenfalls, dass dieser Mann ganz plötzlich im Ruhestand ist, damit er nicht mehr gehört werden kann. Folgen des ganzen sind heute wie damals nicht abzusehen. Auch deswegen ..lasst Menschen kritisch sein, lasst  andere Meinungen gelten und fangt endlich mal wieder an selbst zu denken!!!!! Ich persönlich brauche keine Politiker die mich an die Hand nehmen und mir sagen, was ich zu tun habe, denn wir alle sind mündige Bürger ☝️.  Auch unabhängige und objektive Berichterstattung in den Medien ist ist definitiv anders. Abschließend eine randnotiz.... Es sterben jeden Tag in Deutschland 2000 Menschen und das auch ohne Panik, verdummung und ohne vermeintliches virus... Und interessieren sich dafür unsere Politiker?? ... Leider nicht... Also hört auf mit absoluten Zahlen die in keiner relation stehen.  Ist die Angst nur groß genug ....glaubt die Menschheit alles und folgt blind 🤮🤮🤮";"2020-10-30T06:29:07+0000";"77";"7";"";"77";"77";"0";"0";"0";"0";"0"
"2";"190";"21";"2842121876076299_2842566259365194";"data";"data.*";"fetched (200)";"2021-03-18 13:45:54.484351";"Facebook:/<post-id>/comments";"Ich würde mich niemals freiwillig testen lassen!";"2020-10-30T06:52:08+0000";"1";"0";"";"1";"1";"0";"0";"0";"0";"0"
"2";"191";"21";"2842121876076299_2842567236031763";"data";"data.*";"fetched (200)";"2021-03-18 13:45:54.484351";"Facebook:/<post-id>/comments";"Ich bin mir sicher, die Grafik für Deutschland schaut ähnlich aus.";"2020-10-30T06:53:48+0000";"2";"0";"";"2";"2";"0";"0";"0";"0";"0"
"2";"192";"21";"2842121876076299_2842570112698142";"data";"data.*";"fetched (200)";"2021-03-18 13:45:54.484351";"Facebook:/<post-id>/comments";"Panik, Panik, Panik. Das schaltet bei vielen einfach nur das Hirn aus und hinterfragt nichts mehr. Weil, wenn die es sagen, wird es wohl stimmen. Und alle die hinterfragen sind, Aufrührer, Covidioten, Verschwörungstheoretiker usw. Nur weil man wissen will, was tatsächlich Sache ist. Diese Leute haben in den letzten Jahren immer gepredigt, man darf die Zeit der Kriege nicht vergessen und was machen sie jetzt? Einfach nur noch unglaublich";"2020-10-30T06:58:49+0000";"111";"14";"";"113";"111";"0";"1";"1";"0";"0"
"2";"193";"21";"2842121876076299_2842570339364786";"data";"data.*";"fetched (200)";"2021-03-18 13:45:54.484351";"Facebook:/<post-id>/comments";"So wird das auch in Deutschland gemacht die zahlen werden manipuliert und es werden auch die mit ein gerechnet die das Corona hatte davon aber nix mitbekommen haben ,, keine Symptome ,, durch Zufall getestet und schon kann man die zahlen nach oben ziehen und wieviele falsch getestete gibt es  Dieser Test gehört meiner Meinung nach sofort verboten  Und jetzt beginnt die Grippe Zeit und Grippeviren gehören zum Stamm der Coronaviren und somit is man gleich wieder positiv";"2020-10-30T06:59:15+0000";"44";"0";"";"45";"44";"0";"1";"0";"0";"0"
"2";"194";"21";"2842121876076299_2842570866031400";"data";"data.*";"fetched (200)";"2021-03-18 13:45:54.484351";"Facebook:/<post-id>/comments";"Martina Eckhardt 👍👍👍👍";"2020-10-30T07:00:20+0000";"2";"0";"";"2";"2";"0";"0";"0";"0";"0"
"2";"195";"21";"2842121876076299_2842577729364047";"data";"data.*";"fetched (200)";"2021-03-18 13:45:54.484351";"Facebook:/<post-id>/comments";"Thorsten Teubert  Sehr gut geschrieben is genau das was ich sage z.B.  Es gibt 100 Wissenschaftler  99 davon sagen naja alles nicht ganz so schlimm und einer schreit Alarm Alarm Alarm und alle laufen diesen einem hinterher und die anderen 99 werden nicht angehört im gegen Teil die werden noch verpönt u.s.w.  Und so ist es mit RKI Drosten und Spahn  Das RKI ist staatlich geförderte und somit zählt nur diese Meinung und keine andere  Und das sollte man mit in Betracht ziehen ";"2020-10-30T07:10:01+0000";"17";"0";"";"17";"17";"0";"0";"0";"0";"0"
"2";"196";"21";"2842121876076299_2842578242697329";"data";"data.*";"fetched (200)";"2021-03-18 13:45:54.484351";"Facebook:/<post-id>/comments";"Ich glaube das bei diesen lockdown was anderes steckt.Kann nur spekulieren,da ist was was die Bürger nicht mitkriegen dürfen.🤷‍♀️";"2020-10-30T07:11:00+0000";"6";"2";"";"6";"6";"0";"0";"0";"0";"0"
"2";"197";"21";"2842121876076299_2842581052697048";"data";"data.*";"fetched (200)";"2021-03-18 13:45:54.484351";"Facebook:/<post-id>/comments";"🤮🤮🤮";"2020-10-30T07:16:37+0000";"0";"0";"";"0";"0";"0";"0";"0";"0";"0"
"2";"198";"21";"2842121876076299_2842582876030199";"data";"data.*";"fetched (200)";"2021-03-18 13:45:54.484351";"Facebook:/<post-id>/comments";"https://www.welt.de/vermischtes/article174076595/Grippewelle-in-Deutschland-So-viel-hatten-wir-noch-nie.html";"2020-10-30T07:19:56+0000";"0";"1";"";"0";"0";"0";"0";"0";"0";"0"
"2";"199";"21";"2842121876076299_2842582969363523";"data";"data.*";"fetched (200)";"2021-03-18 13:45:54.484351";"Facebook:/<post-id>/comments";"Ja, wollt ihr uns mit eurer Zahlenspielerei verarschen? Und warum? Statements gegen schweizerische Massnahmen mit einer Statistik aus Italien vom April?  Ich verstehe solche Hetze und Manipulation gegen Achtsamkeit nicht... Würde gerne wissen, wer diese dubiose AfD Nahe Zeitung , welche schon mit rechtsradikalen ‚Partner‘ entlarvt wurde finanziert und welche Personen da in der Region Basel mit ihren skurrilen Statements am Werk sind - wir sind bewusst keine redaktionelle Zeitung, werden sie Partner und verdienen Geld... als Zitat; na ja";"2020-10-30T07:20:10+0000";"2";"2";"";"2";"2";"0";"0";"0";"0";"0"
"2";"200";"21";"2842121876076299_2842585226029964";"data";"data.*";"fetched (200)";"2021-03-18 13:45:54.484351";"Facebook:/<post-id>/comments";"Super erklärt 👌👌👌";"2020-10-30T07:24:40+0000";"0";"0";"";"0";"0";"0";"0";"0";"0";"0"
"2";"201";"21";"2842121876076299_2842590602696093";"data";"data.*";"fetched (200)";"2021-03-18 13:45:54.484351";"Facebook:/<post-id>/comments";"Ja, das wollen Sie. Hier ein Bericht von Heise.de, der alles etwas relativiert. https://www.heise.de/tp/features/Corona-Lockdown-Droht-tatsaechlich-eine-akute-nationale-Gesundheitsnotlage-4942433.html";"2020-10-30T07:34:48+0000";"2";"4";"";"2";"2";"0";"0";"0";"0";"0"
"2";"202";"21";"2842121876076299_2842591109362709";"data";"data.*";"fetched (200)";"2021-03-18 13:45:54.484351";"Facebook:/<post-id>/comments";"Roswitha Burkart";"2020-10-30T07:35:46+0000";"0";"0";"";"0";"0";"0";"0";"0";"0";"0"
"2";"203";"21";"2842121876076299_2842591366029350";"data";"data.*";"fetched (200)";"2021-03-18 13:45:54.484351";"Facebook:/<post-id>/comments";"Susan Büscher";"2020-10-30T07:36:17+0000";"1";"1";"";"1";"1";"0";"0";"0";"0";"0"
"2";"204";"21";"2842121876076299_2842605292694624";"data";"data.*";"fetched (200)";"2021-03-18 13:45:54.484351";"Facebook:/<post-id>/comments";"Man man man...es geht nicht um Tote. Es geht um die die sterben könnten. Egal übrigens an was oder mit was. ....Notfallmedizin (DIVI) erfasste bis zum 29. Oktober 2020 bundesweit 21.785 belegte Intensivbetten, 7.559 Intensivbetten waren verfügbar....wenn ein Covid Patient nun über viele Wochen ein solches Bett belegt damit er nicht stirbt....dann ist in Kürze kein Platz mehr. Auch nicht mehr für bspw. einem Herzinfarkt, weil darüber hinaus auch nicht die Betten allein zählen sondern auch Personal da sein müsste.";"2020-10-30T08:01:48+0000";"11";"15";"";"17";"11";"0";"6";"0";"0";"0"
"2";"205";"21";"2842121876076299_2842607359361084";"data";"data.*";"fetched (200)";"2021-03-18 13:45:54.484351";"Facebook:/<post-id>/comments";"Ich verstehe die Leute nicht Ich lass mich nicht testen";"2020-10-30T08:05:31+0000";"0";"0";"";"0";"0";"0";"0";"0";"0";"0"
"2";"206";"21";"2842121876076299_2842614889360331";"data";"data.*";"fetched (200)";"2021-03-18 13:45:54.484351";"Facebook:/<post-id>/comments";"https://www.youtube.com/watch?v=q0DHYmXXCns";"2020-10-30T08:18:44+0000";"0";"0";"";"1";"0";"0";"1";"0";"0";"0"
"2";"207";"21";"2842121876076299_2842615022693651";"data";"data.*";"fetched (200)";"2021-03-18 13:45:54.484351";"Facebook:/<post-id>/comments";"Thorsten Teubert  Komisch dass Leute die mahnen mehr zu denken Kanäle schauen, die einem gewissen Anführer nahestehen 😂";"2020-10-30T08:19:00+0000";"1";"0";"";"1";"1";"0";"0";"0";"0";"0"
"2";"208";"21";"2842121876076299_2842621479359672";"data";"data.*";"fetched (200)";"2021-03-18 13:45:54.484351";"Facebook:/<post-id>/comments";"Iris Vetter super Artikel !";"2020-10-30T08:31:19+0000";"0";"0";"";"0";"0";"0";"0";"0";"0";"0"
"2";"209";"21";"2842121876076299_2842630159358804";"data";"data.*";"fetched (200)";"2021-03-18 13:45:54.484351";"Facebook:/<post-id>/comments";"⏹Die UN und Peking arbeiten an einem Big-Data-Rechenzentrum in China.  ⏹Das „Global Geospatial Knowledge and Innovation Center“ befinde sich in der letzten Phase der Genehmigung und ermöglicht der Kommunistischen Partei Chinas, KPC ➡️ ganz offiziell  ➡️ Zugriff auf sämtliche Daten der UN-Mitgliedsstaaten.  Während sich die USA bemüht, den Datenfluss nach China zu begrenzen, verfolgen die Vereinten Nation ein völlig gegensätzliches Ziel. Mithilfe Pekings möchte die UN gemeinsame Datendrehscheiben einrichten, um die „Big Data“ all ihrer Mitglieder an einem Ort zu sammeln, zu speichern und auszuwerten.  https://m.youtube.com/watch?fbclid=IwAR0pq0tuTXmQ3eyO3j_ZrsNDwrEPx__zP-vPNK0BxOUgSsVdRewsm5KH4hw&v=zkpY7Hf4jc8";"2020-10-30T08:47:22+0000";"1";"0";"";"3";"1";"0";"1";"0";"1";"0"
"2";"210";"21";"1378045312483970_2842121876076299";"offcut";"";"fetched (200)";"2021-03-18 13:45:54.484351";"Facebook:/<post-id>/comments";"";"";"";"";"";"";"";"";"";"";"";""
"2";"211";"21";"1378045312483970_2842121876076299";"headers";"";"fetched (200)";"2021-03-18 13:45:54.484351";"Facebook:/<post-id>/comments";"";"";"";"";"";"";"";"";"";"";"";""
